challenge,provider,model,prompt_type,iteration,code_compilability,code_length,modularity-number_of_classes,modularity-number_of_methods,modularity-number_of_functions,functional_completeness,functional_correctness-fail,functional_correctness-pass,time_behaviour-calculate_add,time_behaviour-calculate_subtract,time_behaviour-calculate_multiply,time_behaviour-calculate_divide,time_behaviour-calculate_composite,performance_efficiency-CPU-calculate_add-user_time,performance_efficiency-CPU-calculate_add-system_time,performance_efficiency-CPU-calculate_subtract-user_time,performance_efficiency-CPU-calculate_subtract-system_time,performance_efficiency-CPU-calculate_multiply-user_time,performance_efficiency-CPU-calculate_multiply-system_time,performance_efficiency-CPU-calculate_divide-user_time,performance_efficiency-CPU-calculate_divide-system_time,performance_efficiency-CPU-calculate_composite-user_time,performance_efficiency-CPU-calculate_composite-system_time,performance_efficiency-RAM-calculate_add,performance_efficiency-RAM-calculate_subtract,performance_efficiency-RAM-calculate_multiply,performance_efficiency-RAM-calculate_divide,performance_efficiency-RAM-calculate_composite,analysability-score,analysability-max_score
calculator,OpenAI,o3-mini-high,1-zero_shot,1,1,213,1,7,0,1,,88,2.77266979217529e-06,2.80758142471313e-06,2.54796981811523e-06,2.61882781982422e-06,7.91208744049072e-06,0.260484088,0.000595333,0.283995488,0.004275917000000001,0.27193369599999995,0.005015709000000002,0.250529856,0.0003537919999999986,0.709689856,0.0011924999999999991,0.06,0.05,0.03,0.05,0.06,9.13,10
calculator,Anthropic,Claude 3.7 Sonnet,1-zero_shot,1,1,311,1,8,0,1,5,83,2.64371871948242e-06,2.76540756225586e-06,2.57632970809937e-06,2.61016130447388e-06,6.44151926040649e-06,0.258458422,0.0004035829999999999,0.2721464,0.0005079590000000005,0.25649708799999993,0.00041533300000000037,0.256051072,0.0003809169999999997,0.6281678719999999,0.0009047919999999997,0.0,0.0,0.0,0.0,0.0,4.46,10
calculator,Google,Gemini 2.0 Pro Experimental,1-zero_shot,1,1,274,2,23,0,1,57,31,3.36577892303467e-06,3.40836763381958e-06,3.39721918106079e-06,3.40195894241333e-06,9.15219068527222e-06,0.33323658,0.0007778339999999998,0.33503612800000004,0.0004338329999999998,0.3344698879999999,0.00039920899999999933,0.33840083200000004,0.0003733340000000012,0.8944679680000001,0.002368709,0.12,0.12,0.12,0.12,0.14,8.41,10
calculator,OpenAI,o3-mini-high,1-zero_shot,2,1,191,1,5,0,1,7,81,2.15944051742554e-06,2.1924614906311e-06,2.23057746887207e-06,2.18301773071289e-06,5.34158706665039e-06,0.215724918,0.0005289580000000012,0.214519456,0.0002444579999999995,0.21419120000000003,0.001478084000000001,0.211509312,0.0006652910000000001,0.5072542720000001,0.001160375,0.0,0.0,0.0,0.0,0.0,8.7,10
calculator,Anthropic,Claude 3.7 Sonnet,1-zero_shot,2,1,308,1,7,1,1,4,84,3.13748836517334e-06,3.12920093536377e-06,3.03865194320679e-06,3.03399085998535e-06,7.21328973770142e-06,0.302937068,0.00044524999999999947,0.30265424,0.0006060420000000002,0.302827136,0.00033666700000000056,0.300566656,0.00026749999999999864,0.7061128959999998,0.0013681249999999995,0.0,0.0,0.0,0.0,0.0,5.85,10
calculator,Google,Gemini 2.0 Pro Experimental,1-zero_shot,2,1,288,2,12,0,1,80,8,,,,,,,,,,,,,,,,,,,,,9.48,10
calculator,OpenAI,o3-mini-high,1-zero_shot,3,1,188,1,5,1,1,2,86,2.02110052108765e-06,2.03221082687378e-06,2.03440189361572e-06,2.09680318832397e-06,5.2684497833252e-06,0.204974796,0.00041679200000000003,0.20467428799999998,0.0006207920000000002,0.194877024,0.000577625,0.19648364800000007,0.0004490420000000002,0.47103328,0.0005987920000000008,0.0,0.0,0.0,0.0,0.0,9.23,10
calculator,Anthropic,Claude 3.7 Sonnet,1-zero_shot,3,1,238,1,5,1,1,2,86,2.55131959915161e-06,2.50427722930908e-06,2.4030590057373e-06,2.36029863357544e-06,4.96427059173584e-06,0.24109262599999998,0.0004175419999999999,0.24257024,0.00035562500000000004,0.23389398399999994,0.0003054160000000002,0.23728063999999993,0.0007622920000000004,0.4952709759999999,0.0006951670000000009,0.0,0.0,0.0,0.0,0.0,8.65,10
calculator,Google,Gemini 2.0 Pro Experimental,1-zero_shot,3,1,191,1,4,1,1,35,53,3.11357975006104e-06,,3.11020851135254e-06,3.11531066894531e-06,,0.309786672,0.0004723749999999997,,,0.314713024,0.0004143750000000007,0.3144704639999999,0.00031995799999999953,,,0.12,,0.12,0.12,,9.17,10
calculator,OpenAI,o3-mini-high,1-zero_shot,4,1,178,1,6,0,1,,88,3.16596984863281e-06,3.16468000411987e-06,3.10389041900635e-06,3.02636861801147e-06,6.72323942184448e-06,0.298620008,0.0005349589999999998,0.30041808000000003,0.0004895420000000008,0.29023116799999993,0.0004536250000000009,0.2921077120000001,0.00032954199999999864,0.6492503040000002,0.0012202499999999991,0.06,0.06,0.06,0.06,0.06,8.29,10
calculator,Anthropic,Claude 3.7 Sonnet,1-zero_shot,4,1,249,1,7,0,1,1,87,2.18625068664551e-06,2.18901872634888e-06,2.10726261138916e-06,2.14295148849487e-06,5.06249189376831e-06,0.218011754,0.0003176250000000002,0.21915279999999998,0.00043400000000000036,0.210724864,0.00025158299999999967,0.213244416,0.0003239160000000005,0.5025647360000001,0.0006264169999999989,0.0,0.0,0.0,0.0,0.0,5.94,10
calculator,Google,Gemini 2.0 Pro Experimental,1-zero_shot,4,1,308,2,15,1,1,59,29,3.1728982925415e-06,3.18902015686035e-06,3.22744131088257e-06,3.26448917388916e-06,7.70491123199463e-06,0.323657284,0.0008759589999999999,0.32412435199999995,0.0008104160000000013,0.351465024,0.015908249,0.3235843199999999,0.0005120839999999995,0.7643018239999999,0.0014440439999999985,0.12,0.12,0.12,0.12,0.12,8.4,10
calculator,OpenAI,o3-mini-high,1-zero_shot,5,1,235,1,4,0,1,33,55,2.32400178909302e-06,,2.36540079116821e-06,2.44926929473877e-06,,0.22665850799999998,0.0006155420000000002,,,0.22830599999999998,0.0007902499999999993,0.23106160000000003,0.00032512500000000076,,,0.0,,0.0,0.0,,8.59,10
calculator,Anthropic,Claude 3.7 Sonnet,1-zero_shot,5,1,196,1,5,1,1,43,45,2.43672132492065e-06,2.41987943649292e-06,2.4503493309021e-06,4.13989782333374e-06,5.21937370300293e-06,0.22797070800000002,0.0003105,0.22982065599999998,0.0005344170000000006,0.229658784,0.0003488750000000002,0.233851264,0.0002956670000000003,0.4788325120000001,0.0007468329999999997,0.0,0.0,0.0,0.0,0.0,5.81,10
calculator,Google,Gemini 2.0 Pro Experimental,1-zero_shot,5,1,175,1,4,1,1,57,31,2.60504961013794e-06,2.60085582733154e-06,2.61770963668823e-06,2.58810997009277e-06,6.34757041931152e-06,0.25624192199999996,0.0006979999999999998,0.25703936000000005,0.00030658299999999916,0.258887808,0.00027450000000000044,0.25978156799999996,0.0004368330000000002,0.6188618239999999,0.0033902919999999996,0.06,0.11,0.09,0.06,0.13,8.05,10
calculator,OpenAI,o3-mini-high,1-zero_shot,6,1,175,1,5,0,1,,88,1.83982133865356e-06,1.8461799621582e-06,1.79653882980347e-06,1.82209730148315e-06,4.32888031005859e-06,0.175280088,0.0002575419999999995,0.17611604800000003,0.00025295800000000104,0.16899379199999998,0.0002728330000000001,0.17166937599999998,0.0001860419999999991,0.42096070399999996,0.0008358749999999998,0.0,0.0,0.0,0.0,0.0,8.19,10
calculator,Anthropic,Claude 3.7 Sonnet,1-zero_shot,6,1,275,1,8,1,1,4,84,3.83648872375488e-06,3.88521194458008e-06,3.61635208129883e-06,3.6668586730957e-06,7.89193153381348e-06,0.371626088,0.0006523750000000002,0.37797065599999996,0.0004533749999999989,0.363698816,0.00045095799999999957,0.368222464,0.00037420799999999914,0.8160711679999999,0.007411459000000002,0.12,0.09,0.12,0.12,0.12,5.7,10
calculator,Google,Gemini 2.0 Pro Experimental,1-zero_shot,6,1,327,2,18,0,1,22,66,2.28683948516846e-06,2.3395299911499e-06,2.28020906448364e-06,2.31755971908569e-06,5.49249172210693e-06,0.22973366399999998,0.0003587499999999997,0.23453088,0.0006707089999999994,0.23010380800000002,0.0003282090000000012,0.23410726400000004,0.00039524999999999977,0.5400019199999999,0.0007809170000000008,0.06,0.03,0.06,0.05,0.09,7.94,10
calculator,OpenAI,o3-mini-high,1-zero_shot,7,1,177,1,5,1,1,,88,3.25938940048218e-06,3.55008602142334e-06,3.3417820930481e-06,3.39586973190308e-06,1.226427793502808e-05,0.32389604,0.0023893330000000004,0.32808640000000006,0.0026654999999999995,0.32068870399999994,0.0028630409999999985,0.3266706559999999,0.002976333000000001,0.95476352,0.008993542,0.12,0.12,0.12,0.12,0.12,9.43,10
calculator,Anthropic,Claude 3.7 Sonnet,1-zero_shot,7,1,258,1,6,1,1,1,87,2.17714071273804e-06,2.2521185874939e-06,2.12689876556396e-06,2.11631298065186e-06,4.59747076034546e-06,0.21337967200000002,0.0017873339999999998,0.214514816,0.00036800000000000027,0.20632624,0.00023250000000000007,0.21194854399999996,0.00041199999999999917,0.45374713599999994,0.0012231659999999995,0.0,0.0,0.0,0.0,0.0,5.9,10
calculator,Google,Gemini 2.0 Pro Experimental,1-zero_shot,7,1,244,2,19,0,1,57,31,2.48133897781372e-06,2.49439001083374e-06,2.50990152359009e-06,2.48099088668823e-06,5.87155103683472e-06,0.240659248,0.000571958,0.24203868800000006,0.0006395840000000003,0.2433503680000001,0.0002517920000000007,0.24692172800000012,0.0003078749999999991,0.5756030079999999,0.0008975000000000007,0.06,0.06,0.09,0.09,0.12,7.75,10
calculator,OpenAI,o3-mini-high,1-zero_shot,8,1,188,1,4,0,1,5,83,1.70000791549683e-06,1.72408819198608e-06,1.74737930297852e-06,1.79747104644775e-06,4.70435857772827e-06,0.16785096,0.0007324999999999988,0.17261190399999998,0.0012171659999999987,0.16835747199999995,0.0005181250000000012,0.171802016,0.0006549589999999984,0.4175032959999999,0.0009398749999999997,0.0,0.0,0.0,0.0,0.0,8.14,10
calculator,Anthropic,Claude 3.7 Sonnet,1-zero_shot,8,1,273,1,6,1,1,58,30,2.71809101104736e-06,2.73972988128662e-06,2.81108140945435e-06,2.76904821395874e-06,6.41320943832397e-06,0.262991368,0.0009004579999999998,0.262752928,0.0006006659999999988,0.265271936,0.0002928329999999993,0.26470527999999993,0.0004729160000000003,0.6378718720000001,0.003349333999999999,0.09,0.06,0.09,0.06,0.12,6.58,10
calculator,Google,Gemini 2.0 Pro Experimental,1-zero_shot,8,1,208,1,5,1,1,59,29,4.48107004165649e-06,4.54294919967651e-06,4.54771995544434e-06,4.50356006622314e-06,1.281324863433838e-05,0.44237941999999997,0.0028759580000000005,0.4443998719999999,0.004306582999999999,0.44372896000000006,0.002021083,0.447667456,0.0030551669999999975,0.9213601279999999,0.006075250000000001,0.12,0.12,0.12,0.12,0.12,9.2,10
calculator,OpenAI,o3-mini-high,1-zero_shot,9,1,221,1,8,1,1,,88,6.49510145187378e-06,6.7485785484314e-06,9.84066247940063e-06,6.46860122680664e-06,1.488811016082764e-05,0.6253734820000001,0.0017116249999999996,0.6181441280000001,0.0018189590000000002,0.6082714880000002,0.005315750000000001,0.609357312,0.0025405820000000013,1.3764600319999998,0.0022056239999999998,0.08,0.06,0.06,0.06,0.09,7.13,10
calculator,Anthropic,Claude 3.7 Sonnet,1-zero_shot,9,1,266,1,6,4,1,39,49,3.87170076370239e-06,,3.78745079040527e-06,3.78514766693115e-06,,0.37087003999999996,0.0012699999999999994,,,0.37275481600000004,0.0011076249999999992,0.37373568,0.0007144579999999994,,,0.25,,0.25,0.25,,6.0,10
calculator,Google,Gemini 2.0 Pro Experimental,1-zero_shot,9,1,171,1,4,1,1,54,34,,,3.27088832855225e-06,3.27446937561035e-06,,,,,,0.325455822,0.0015209159999999998,0.33430268800000007,0.0013362909999999999,,,,,0.12,0.12,,8.94,10
calculator,OpenAI,o3-mini-high,1-zero_shot,10,1,258,1,6,1,1,2,86,3.0645489692688e-06,3.30901861190796e-06,3.04954051971436e-06,3.124098777771e-06,1.232177972793579e-05,0.289731992,0.002319,0.290504256,0.0023869999999999985,0.290395776,0.002260208999999999,0.2923402239999999,0.001956791000000001,0.8204794879999997,0.0037156679999999984,0.06,0.06,0.03,0.03,0.06,9.32,10
calculator,Anthropic,Claude 3.7 Sonnet,1-zero_shot,10,1,254,1,3,1,1,42,46,2.61041164398193e-06,2.60840892791748e-06,2.57078170776367e-06,2.60318994522095e-06,5.56549072265625e-06,0.26086267999999996,0.0016818749999999993,0.262866784,0.0016191669999999995,0.2567812479999999,0.0014411670000000001,0.2600471040000001,0.0007737500000000001,0.554831936,0.003741750000000002,0.0,0.0,0.0,0.0,0.0,6.75,10
calculator,Google,Gemini 2.0 Pro Experimental,1-zero_shot,10,1,211,1,4,1,1,35,53,2.74956703186035e-06,,2.7355694770813e-06,2.77127027511597e-06,,0.273034192,0.0029176670000000005,,,0.2712112,0.002588417000000001,0.274920512,0.0026788339999999997,,,0.09,,0.09,0.07,,9.12,10
calculator,OpenAI,o3-mini-high,2-few_shot,1,1,240,1,7,0,1,2,86,4.1495680809021e-06,4.2782998085022e-06,4.1986083984375e-06,4.23950910568237e-06,1.034730195999145e-05,0.427223388,0.00782125,0.40356467199999996,0.0006040419999999991,0.40240576000000006,0.0003537079999999977,0.40741107200000015,0.0038499150000000024,1.0270781439999999,0.0018816660000000006,0.0,0.0,0.0,0.0,0.0,9.27,10
calculator,Anthropic,Claude 3.7 Sonnet,2-few_shot,1,1,267,1,8,1,1,4,84,2.46045112609863e-06,2.46528148651123e-06,2.36652612686157e-06,2.41441011428833e-06,5.22450923919678e-06,0.24221717199999998,0.0004494169999999997,0.244519616,0.00041095799999999946,0.23434451200000006,0.0006667909999999999,0.23836895999999996,0.00031274999999999966,0.5182340480000001,0.001398458,0.0,0.0,0.0,0.0,0.0,6.08,10
calculator,Google,Gemini 2.0 Pro Experimental,2-few_shot,1,1,185,1,5,1,1,59,29,3.25421810150146e-06,3.26597213745117e-06,3.2748293876648e-06,3.30657005310059e-06,7.53409147262573e-06,0.32480558800000003,0.0006051249999999998,0.328931232,0.000538625,0.32940992000000013,0.0008509160000000002,0.3306314239999999,0.0007655000000000006,0.741066496,0.0013081670000000007,0.06,0.06,0.06,0.06,0.06,9.14,10
calculator,OpenAI,o3-mini-high,2-few_shot,2,1,232,1,9,0,1,,88,4.72599029541016e-06,4.92154836654663e-06,4.81688022613525e-06,4.80605125427246e-06,1.068557024002075e-05,0.47253608799999997,0.003674291999999999,0.473848416,0.000791,0.462890048,0.0011441249999999993,0.4602064640000001,0.004287042000000001,1.0690976,0.008379000000000001,0.0,0.0,0.0,0.0,0.0,8.76,10
calculator,Anthropic,Claude 3.7 Sonnet,2-few_shot,2,1,285,1,6,1,1,57,31,3.04862976074219e-06,5.08550882339478e-06,3.09674024581909e-06,3.06932926177979e-06,7.16618061065674e-06,0.30405082,0.0032127499999999995,0.30738560000000004,0.002057749999999999,0.30292511999999994,0.0019354999999999997,0.30138086399999997,0.0023101249999999997,0.708407424,0.006929832,0.0,0.0,0.0,0.0,0.0,6.32,10
calculator,Google,Gemini 2.0 Pro Experimental,2-few_shot,2,1,176,1,5,3,1,56,32,,,3.32356929779053e-06,3.41116189956665e-06,,,,,,0.33456346400000003,0.003033333000000001,0.337248768,0.0026190000000000015,,,,,0.12,0.12,,9.1,10
calculator,OpenAI,o3-mini-high,2-few_shot,3,1,238,1,6,0,1,2,86,4.28291082382202e-06,4.12399768829346e-06,3.89307975769043e-06,3.95565748214722e-06,9.57947015762329e-06,0.3753802,0.000717334,0.40943097599999995,0.010995709,0.37291212799999995,0.0006915839999999986,0.37447424000000007,0.00033833399999999916,0.9280965120000002,0.0013440000000000014,0.0,0.0,0.0,0.0,0.0,9.06,10
calculator,Anthropic,Claude 3.7 Sonnet,2-few_shot,3,1,246,1,6,1,1,32,56,3.13820838928223e-06,3.14345836639404e-06,3.13880920410156e-06,3.16390991210938e-06,7.25571870803833e-06,0.309093496,0.0007208750000000002,0.31075247999999994,0.00037666599999999946,0.311912576,0.000423166,0.31330976,0.0006534160000000004,0.718482048,0.0008464579999999996,0.06,0.06,0.06,0.06,0.09,5.64,10
calculator,Google,Gemini 2.0 Pro Experimental,2-few_shot,3,1,211,1,6,2,1,65,23,2.63428211212158e-06,2.63301134109497e-06,2.62548923492432e-06,2.64633893966675e-06,5.5123496055603e-06,0.25831192000000003,0.0006055420000000006,0.25844707200000006,0.00037479199999999966,0.260646528,0.000725875,0.26373523199999993,0.000672708000000001,0.5461312,0.0010191670000000014,0.06,0.06,0.06,0.06,0.06,8.3,10
calculator,OpenAI,o3-mini-high,2-few_shot,4,1,223,1,7,1,1,,88,3.19350957870483e-06,3.24655055999756e-06,3.20481777191162e-06,3.24071168899536e-06,6.91457986831665e-06,0.31816932800000003,0.0004488749999999996,0.31889113599999996,0.0006409999999999992,0.3115273599999999,0.0003422909999999998,0.313679552,0.0005121659999999997,0.6765423359999998,0.0013389170000000002,0.0,0.0,0.0,0.0,0.0,9.19,10
calculator,Anthropic,Claude 3.7 Sonnet,2-few_shot,4,1,335,1,9,1,1,32,56,4.35890913009644e-06,4.41014051437378e-06,4.34409856796265e-06,4.35829877853394e-06,1.184280157089233e-05,0.433487532,0.0009582499999999999,0.439820352,0.0004995419999999995,0.436810304,0.0006096669999999995,0.43698329599999997,0.0010351660000000006,0.9557135360000002,0.0017644170000000008,0.06,0.06,0.06,0.06,0.08,6.18,10
calculator,Google,Gemini 2.0 Pro Experimental,2-few_shot,4,1,168,1,5,1,1,63,25,1.44724130630493e-06,1.46936178207397e-06,1.47480010986328e-06,1.49953842163086e-06,3.79952907562256e-06,0.145175674,0.0003287499999999992,0.14760123200000003,0.00012137499999999996,0.14827881600000004,0.0002616659999999998,0.15123270400000005,0.000357708,0.3824760319999999,0.0004440420000000004,0.03,0.05,0.03,0.03,0.06,9.49,10
calculator,OpenAI,o3-mini-high,2-few_shot,5,1,246,1,6,1,1,2,86,2.59708881378174e-06,2.57009983062744e-06,2.58514881134033e-06,2.57934808731079e-06,5.7827615737915e-06,0.24750520800000003,0.0004105410000000004,0.24785764799999999,0.0002839580000000008,0.24511772799999998,0.00041595799999999926,0.2513020159999999,0.0005072500000000008,0.552297536,0.0007353329999999995,0.0,0.0,0.0,0.0,0.0,8.89,10
calculator,Anthropic,Claude 3.7 Sonnet,2-few_shot,5,1,283,1,8,1,1,63,25,5.33556222915649e-06,5.27649164199829e-06,7.12755918502808e-06,5.36266088485718e-06,1.022392749786377e-05,0.530031472,0.0008182089999999994,0.5276375680000001,0.0015042909999999996,0.5295859199999999,0.0009184999999999992,0.5303319039999999,0.0006644580000000015,1.01700224,0.0015548339999999997,0.14,0.14,0.14,0.14,0.17,5.66,10
calculator,Google,Gemini 2.0 Pro Experimental,2-few_shot,5,1,192,1,6,1,1,56,32,,,4.51136827468872e-06,4.53770160675049e-06,,,,,,0.455338048,0.0008286670000000008,0.45854752000000004,0.00048541700000000014,,,,,0.14,0.14,,9.23,10
calculator,OpenAI,o3-mini-high,2-few_shot,6,1,298,1,8,1,1,4,84,3.8646125793457e-06,3.71692895889282e-06,3.82126092910767e-06,3.90781164169312e-06,1.226907253265381e-05,0.35778563599999996,0.0005089999999999999,0.36140553599999997,0.0005722920000000003,0.3593459199999999,0.00044504199999999966,0.360640512,0.0006614169999999992,0.9513396480000003,0.0015998750000000006,0.0,0.0,0.0,0.0,0.0,9.07,10
calculator,Anthropic,Claude 3.7 Sonnet,2-few_shot,6,1,327,1,7,0,1,57,31,2.89659738540649e-06,2.91134834289551e-06,2.92720079421997e-06,2.93182849884033e-06,6.69750213623047e-06,0.288122836,0.00035508299999999996,0.28734844800000003,0.0003519999999999999,0.29013324799999995,0.00037374999999999995,0.29138611199999986,0.0005297079999999994,0.660872192,0.000943625,0.0,0.0,0.0,0.0,0.0,4.96,10
calculator,Google,Gemini 2.0 Pro Experimental,2-few_shot,6,1,182,1,6,1,1,57,31,3.98113012313843e-06,3.98182153701782e-06,3.97129058837891e-06,4.02374982833862e-06,9.62542295455933e-06,0.396613676,0.002160792,0.395802816,0.0006132499999999992,0.3982311679999999,0.0005285419999999999,0.4011976960000001,0.0006935829999999994,0.9568029440000001,0.0012979159999999997,0.06,0.09,0.06,0.06,0.09,9.55,10
calculator,OpenAI,o3-mini-high,2-few_shot,7,1,269,1,6,0,1,2,86,3.3192777633667e-06,3.2588005065918e-06,3.23614835739136e-06,3.26930284500122e-06,7.55385160446167e-06,0.32035442399999997,0.0008211660000000008,0.31926383999999997,0.0006983340000000001,0.31671820800000006,0.0005400000000000005,0.31925375999999994,0.0003996250000000007,0.6989523200000001,0.001150333,0.0,0.0,0.0,0.0,0.0,8.3,10
calculator,Anthropic,Claude 3.7 Sonnet,2-few_shot,7,1,275,1,7,1,1,58,30,3.60253095626831e-06,3.594651222229e-06,3.61901044845581e-06,3.63122940063477e-06,8.08656930923462e-06,0.35986922,0.0004917910000000001,0.35955951999999997,0.00045295799999999983,0.360041152,0.0007498339999999996,0.36349312,0.00043441699999999944,0.80100864,0.0009798330000000011,0.06,0.06,0.06,0.06,0.08,6.32,10
calculator,Google,Gemini 2.0 Pro Experimental,2-few_shot,7,1,162,1,5,3,1,65,23,3.03740978240967e-06,3.04855108261108e-06,3.07117938995361e-06,3.12461853027344e-06,7.30419397354126e-06,0.301660576,0.0006665830000000001,0.3022644159999999,0.0004707499999999998,0.3053059840000001,0.0008101250000000001,0.33073049600000004,0.013872917000000002,0.7214328319999999,0.0008572919999999991,0.11,0.12,0.12,0.12,0.12,9.49,10
calculator,OpenAI,o3-mini-high,2-few_shot,8,1,275,1,6,0,1,2,86,2.88885831832886e-06,3.00377130508423e-06,3.05596828460693e-06,3.05153131484985e-06,6.63367033004761e-06,0.28386333199999997,0.001014875000000001,0.285054816,0.001661000000000001,0.285902016,0.0018226249999999996,0.28940825599999986,0.002711667000000001,0.63078656,0.004023417000000001,0.0,0.0,0.0,0.0,0.0,9.04,10
calculator,Anthropic,Claude 3.7 Sonnet,2-few_shot,8,1,294,1,7,1,1,62,26,3.5237717628479e-06,3.49791049957275e-06,3.44878196716309e-06,3.49987745285034e-06,8.25527191162109e-06,0.346437538,0.00100775,0.359000192,0.006509625000000001,0.3399875199999999,0.0028229580000000004,0.3427579519999999,0.0028308740000000006,0.824544256,0.006368459999999999,0.06,0.06,0.06,0.06,0.09,6.39,10
calculator,Google,Gemini 2.0 Pro Experimental,2-few_shot,8,1,183,1,6,1,1,57,31,3.25292110443115e-06,3.2504415512085e-06,3.24580907821655e-06,3.29505205154419e-06,7.58033990859985e-06,0.322637234,0.0018678749999999997,0.321855872,0.003004583,0.32049228799999996,0.0005316250000000008,0.32447616,0.002008833,0.7414378239999999,0.004296834000000001,0.06,0.12,0.12,0.12,0.12,9.44,10
calculator,OpenAI,o3-mini-high,2-few_shot,9,1,240,1,6,1,1,4,84,2.92402982711792e-06,3.02159070968628e-06,3.00095081329346e-06,3.04928064346313e-06,6.64730072021484e-06,0.287732794,0.0005027499999999997,0.29934998399999996,0.004195583,0.31382553599999996,0.005622790000000001,0.2926627840000001,0.0003449999999999981,0.6368858880000001,0.0008905420000000011,0.0,0.0,0.0,0.0,0.0,9.34,10
calculator,Anthropic,Claude 3.7 Sonnet,2-few_shot,9,1,307,1,8,1,1,2,86,4.2350697517395e-06,4.26001787185669e-06,4.23053741455078e-06,4.22261953353882e-06,9.49978828430176e-06,0.419468496,0.0006132919999999997,0.4221065279999999,0.0007596249999999999,0.41903116800000006,0.0009176660000000001,0.41753536,0.0011068329999999998,0.9454657280000001,0.0020744170000000003,0.06,0.06,0.06,0.06,0.06,7.29,10
calculator,Google,Gemini 2.0 Pro Experimental,2-few_shot,9,1,210,1,7,1,1,59,29,5.78953981399536e-06,5.80863952636719e-06,5.83194017410278e-06,5.84028005599976e-06,1.234036922454834e-05,0.5818816560000001,0.0015891250000000003,0.5822401919999999,0.0009152500000000011,0.5851517439999998,0.0006464169999999998,0.5852280319999998,0.0007212079999999992,1.21914496,0.001945291,0.14,0.14,0.14,0.14,0.16,9.79,10
calculator,OpenAI,o3-mini-high,2-few_shot,10,1,274,1,6,1,1,,88,2.91950225830078e-06,2.97699213027954e-06,3.05383920669556e-06,2.94244766235352e-06,6.737220287323e-06,0.28100259400000005,0.0006951659999999988,0.28350211200000003,0.0005192500000000006,0.2800342400000001,0.0012429579999999989,0.28680000000000005,0.000621333,0.6531297280000001,0.0016727499999999989,0.0,0.0,0.0,0.0,0.0,9.11,10
calculator,Anthropic,Claude 3.7 Sonnet,2-few_shot,10,1,289,1,12,1,1,,88,7.51612901687622e-06,7.4598217010498e-06,7.21875905990601e-06,7.30010986328125e-06,1.627496004104614e-05,0.7285801780000001,0.0012848750000000004,0.7346243200000001,0.0033645000000000003,0.7185512960000002,0.003101375,0.719710976,0.0018402920000000003,1.6148746239999996,0.0024777079999999986,0.0,0.0,0.0,0.0,0.02,5.75,10
calculator,Google,Gemini 2.0 Pro Experimental,2-few_shot,10,1,288,1,8,1,1,68,20,1.012381076812744e-05,1.267267227172851e-05,1.021504640579224e-05,1.019206285476685e-05,2.310939788818359e-05,1.0120451799999999,0.0019422500000000004,1.0152686720000001,0.001569082999999999,1.0188725759999997,0.0012422920000000007,1.0146091520000002,0.0012270830000000003,2.3074992639999996,0.013826167000000002,0.16,0.16,0.17,0.16,0.2,8.52,10
calculator,OpenAI,o3-mini-high,3-chain_of_thoughts-zero_shot,1,1,223,1,4,0,1,4,84,1.99509143829346e-06,2.08611011505127e-06,2.08123922348022e-06,2.14712142944336e-06,5.28707027435303e-06,0.198246034,0.00041900000000000097,0.20459124799999998,0.00024229099999999865,0.19954243199999994,0.00017158399999999893,0.2027330559999999,0.00028362499999999916,0.49837932799999995,0.0013525840000000004,0.0,0.0,0.0,0.0,0.0,8.53,10
calculator,Anthropic,Claude 3.7 Sonnet,3-chain_of_thoughts-zero_shot,1,1,219,1,5,1,1,1,87,2.4042797088623e-06,2.40711212158203e-06,2.31182813644409e-06,2.28961706161499e-06,4.75004196166992e-06,0.23269999600000002,0.000479625,0.26235607999999994,0.011036835000000002,0.22010060799999998,0.00028424800000000083,0.22420979200000002,0.00022925199999999923,0.4744284160000001,0.0009347480000000026,0.0,0.0,0.0,0.0,0.0,6.14,10
calculator,Google,Gemini 2.0 Pro Experimental,3-chain_of_thoughts-zero_shot,1,1,175,1,5,0,1,58,30,2.9562497138977e-06,3.00727844238281e-06,2.97827005386353e-06,3.06347131729126e-06,8.04975748062134e-06,0.291236966,0.0003802910000000005,0.29495398399999995,0.0004055000000000005,0.29778848,0.0005339999999999998,0.2983885439999999,0.00038058299999999944,0.7788670720000002,0.001050667,0.06,0.06,0.06,0.06,0.09,8.57,10
calculator,OpenAI,o3-mini-high,3-chain_of_thoughts-zero_shot,2,1,268,1,4,1,1,,88,2.04083919525147e-06,2.10522174835205e-06,2.01602935791016e-06,2.04456090927124e-06,5.25118827819824e-06,0.19541942,0.0003417919999999996,0.19647161600000002,0.000472709,0.19199305599999994,0.0002278330000000002,0.19772192,0.00034875000000000097,0.48044383999999996,0.001058749999999999,0.0,0.0,0.0,0.0,0.0,9.02,10
calculator,Anthropic,Claude 3.7 Sonnet,3-chain_of_thoughts-zero_shot,2,1,237,1,6,1,1,6,82,2.46735095977783e-06,2.51079797744751e-06,2.35252857208252e-06,2.33826160430908e-06,5.07973909378052e-06,0.235461036,0.0004227499999999995,0.23643376,0.00025741700000000024,0.22939903999999994,0.00025691699999999974,0.23009388799999997,0.0002759590000000001,0.501596096,0.0010662920000000008,0.0,0.0,0.0,0.0,0.0,5.68,10
calculator,Google,Gemini 2.0 Pro Experimental,3-chain_of_thoughts-zero_shot,2,1,177,1,4,1,1,40,48,3.53089809417725e-06,2.59199857711792e-06,3.51393222808838e-06,3.51362943649292e-06,8.35386991500855e-06,0.36068497200000005,0.001197834,0.2847582719999999,0.007521667,0.351659776,0.0006765829999999997,0.3591088,0.0003387910000000015,0.8448156159999998,0.0015152909999999985,0.12,0.12,0.12,0.12,0.12,9.25,10
calculator,OpenAI,o3-mini-high,3-chain_of_thoughts-zero_shot,3,1,251,1,4,1,1,2,86,2.05035924911499e-06,2.09166765213013e-06,2.04778909683228e-06,2.0484185218811e-06,5.0964879989624e-06,0.197550708,0.0004007499999999992,0.19944561600000002,0.00043725000000000014,0.19578713599999997,0.00020350000000000056,0.19847865600000003,0.0002367080000000004,0.483606784,0.0008244170000000009,0.0,0.0,0.0,0.0,0.0,8.94,10
calculator,Anthropic,Claude 3.7 Sonnet,3-chain_of_thoughts-zero_shot,3,1,279,1,6,1,1,26,62,3.73683929443359e-06,3.67537021636963e-06,3.63753080368042e-06,3.64399909973145e-06,8.66236925125122e-06,0.36309473999999997,0.0005355000000000004,0.36410140800000007,0.0008786660000000002,0.35921817599999994,0.00045220899999999856,0.36520217599999993,0.00037045799999999886,0.8614127359999999,0.001083334,0.0,0.0,0.0,0.0,0.0,5.92,10
calculator,Google,Gemini 2.0 Pro Experimental,3-chain_of_thoughts-zero_shot,3,1,215,2,15,0,1,57,31,2.10832834243774e-06,2.12960958480835e-06,2.12760925292969e-06,2.21364974975586e-06,5.73478221893311e-06,0.213454034,0.0007230420000000001,0.21620628800000002,0.0002847500000000003,0.217744192,0.0005360420000000005,0.22109260799999997,0.0006085000000000014,0.5920300799999999,0.0068905830000000005,0.03,0.03,0.06,0.03,0.06,8.25,10
calculator,OpenAI,o3-mini-high,3-chain_of_thoughts-zero_shot,4,1,244,1,5,0,1,4,84,2.13842391967773e-06,2.21662998199463e-06,2.17652082443237e-06,2.17757940292358e-06,5.37404775619507e-06,0.207836036,0.0003657080000000002,0.21303931200000004,0.0005735000000000002,0.20938092800000002,0.0004720000000000002,0.21229382400000008,0.00034616699999999966,0.519059904,0.000793541,0.0,0.0,0.0,0.0,0.0,9.02,10
calculator,Anthropic,Claude 3.7 Sonnet,3-chain_of_thoughts-zero_shot,4,1,285,1,7,0,1,27,61,3.71881008148193e-06,3.71840000152588e-06,3.68009805679321e-06,3.74041080474854e-06,9.9106502532959e-06,0.36385565999999997,0.0004602499999999997,0.368914528,0.0004882080000000004,0.3650626560000001,0.0003860840000000001,0.3702233599999998,0.0006585840000000003,1.0021777920000001,0.013936583,0.0,0.0,0.0,0.0,0.0,6.78,10
calculator,Google,Gemini 2.0 Pro Experimental,3-chain_of_thoughts-zero_shot,4,1,202,1,5,0,1,4,84,3.20725202560425e-06,3.28304767608643e-06,3.27445983886719e-06,3.26884031295776e-06,8.98729801177978e-06,0.320186388,0.00040149999999999995,0.328843104,0.0005603750000000001,0.328183808,0.0006028329999999997,0.3315656960000001,0.0004267500000000009,0.8757250560000001,0.0010623339999999998,0.14,0.14,0.14,0.14,0.14,3.33,10
calculator,OpenAI,o3-mini-high,3-chain_of_thoughts-zero_shot,5,1,231,1,4,0,1,4,84,2.85811901092529e-06,3.04193019866943e-06,3.01519155502319e-06,3.06372165679932e-06,8.4617805480957e-06,0.290583842,0.0005027920000000002,0.3001546560000001,0.0010302909999999992,0.29102150400000004,0.0003910830000000004,0.29495072,0.0002090829999999988,0.8409195519999999,0.011579292000000001,0.0,0.0,0.0,0.0,0.0,8.97,10
calculator,Anthropic,Claude 3.7 Sonnet,3-chain_of_thoughts-zero_shot,5,1,255,1,6,1,1,29,59,3.05824041366577e-06,3.22699785232544e-06,3.26975107192993e-06,3.1285285949707e-06,7.81846046447754e-06,0.30836689,0.0007349999999999995,0.31413552,0.000457542,0.31042182400000007,0.0006203750000000011,0.312678016,0.000408416,0.7969265920000002,0.0008645000000000007,0.0,0.0,0.0,0.0,0.0,6.44,10
calculator,Google,Gemini 2.0 Pro Experimental,3-chain_of_thoughts-zero_shot,5,1,226,2,18,0,1,57,31,2.82815933227539e-06,2.83468008041382e-06,2.86906957626343e-06,2.90365219116211e-06,6.66063070297241e-06,0.282630112,0.0006767499999999994,0.28401951999999997,0.0004086669999999997,0.284265984,0.0003165830000000005,0.29481939199999996,0.0004409999999999987,0.6673489920000002,0.0006947080000000005,0.12,0.09,0.12,0.12,0.12,7.44,10
calculator,OpenAI,o3-mini-high,3-chain_of_thoughts-zero_shot,6,1,275,1,5,0,1,,88,2.2101902961731e-06,2.24149942398071e-06,2.25605010986328e-06,2.32132196426392e-06,6.18718862533569e-06,0.23904583599999998,0.0036830000000000005,0.21903468799999998,0.0006121249999999998,0.22042783999999999,0.00029887500000000053,0.221293568,0.0003265830000000001,0.5851265279999999,0.0009654169999999997,0.0,0.0,0.0,0.0,0.0,9.09,10
calculator,Anthropic,Claude 3.7 Sonnet,3-chain_of_thoughts-zero_shot,6,1,266,1,6,0,0,57,31,2.94895172119141e-06,2.92232275009155e-06,2.88512945175171e-06,2.90235996246338e-06,8.29708099365234e-06,0.286322508,0.00040741599999999985,0.28598473599999996,0.0002941669999999997,0.28750515199999993,0.0003194160000000003,0.29221555199999993,0.00037079199999999913,0.8377560319999999,0.004860125,0.0,0.0,0.0,0.0,0.0,6.69,10
calculator,Google,Gemini 2.0 Pro Experimental,3-chain_of_thoughts-zero_shot,6,1,172,1,4,0,1,34,54,2.74731636047363e-06,1.9778299331665e-06,2.65715837478638e-06,2.72276163101196e-06,6.20073080062866e-06,0.26935107999999996,0.0004935829999999997,0.20318454400000002,0.00016633300000000028,0.27385852800000005,0.0004064590000000005,0.27640319999999996,0.0002969590000000003,0.6344556160000001,0.0014577080000000003,0.12,0.06,0.09,0.12,0.12,8.54,10
calculator,OpenAI,o3-mini-high,3-chain_of_thoughts-zero_shot,7,1,240,1,4,0,1,2,86,2.00480937957764e-06,2.02200174331665e-06,2.10165023803711e-06,2.06738233566284e-06,5.16469955444336e-06,0.19986592,0.00031766599999999943,0.200213984,0.0002927909999999997,0.19561235199999993,0.00026354099999999995,0.20073324799999992,0.0007269169999999997,0.5159487360000001,0.009508459,0.0,0.0,0.0,0.0,0.0,7.65,10
calculator,Anthropic,Claude 3.7 Sonnet,3-chain_of_thoughts-zero_shot,7,1,293,1,8,1,1,63,25,3.83269071578979e-06,3.82780075073242e-06,3.97707939147949e-06,4.04114007949829e-06,7.78947114944458e-06,0.38353657199999996,0.0007299170000000001,0.38596473600000003,0.0004059160000000001,0.40712819200000006,0.0004655839999999998,0.40374195200000007,0.0006109169999999999,0.7971152639999999,0.0010504590000000001,0.0,0.0,0.0,0.0,0.0,5.65,10
calculator,Google,Gemini 2.0 Pro Experimental,3-chain_of_thoughts-zero_shot,7,1,374,2,14,0,1,4,84,1.98211908340454e-06,1.99310064315796e-06,1.99688196182251e-06,2.00888872146606e-06,5.06196022033691e-06,0.19607053600000002,0.00023770799999999967,0.199862592,0.00028874999999999994,0.19903104000000005,0.00024145799999999995,0.19970515199999994,0.0001647499999999991,0.5087813120000001,0.0008890409999999984,0.0,0.0,0.0,0.0,0.0,7.95,10
calculator,OpenAI,o3-mini-high,3-chain_of_thoughts-zero_shot,8,1,236,1,4,1,1,2,86,2.01379776000977e-06,2.05176115036011e-06,2.05193758010864e-06,2.116858959198e-06,5.26190996170044e-06,0.20088499599999998,0.0002587919999999999,0.20267396799999998,0.000248458,0.19925231999999998,0.00023474999999999972,0.20164204799999996,0.0002352919999999998,0.5117570560000001,0.0006045839999999992,0.0,0.0,0.0,0.0,0.0,8.37,10
calculator,Anthropic,Claude 3.7 Sonnet,3-chain_of_thoughts-zero_shot,8,1,248,1,6,1,1,22,66,3.37429285049438e-06,3.39879751205444e-06,3.25143098831177e-06,3.26493978500366e-06,7.83354997634888e-06,0.32378306999999995,0.0010872920000000001,0.350409984,0.006315333,0.32387596799999996,0.0008321249999999995,0.32538982400000016,0.00036004199999999965,0.7770079999999999,0.0012214159999999995,0.06,0.06,0.06,0.06,0.07,6.1,10
calculator,Google,Gemini 2.0 Pro Experimental,3-chain_of_thoughts-zero_shot,8,1,195,1,5,0,1,59,29,2.57412195205688e-06,2.58368015289307e-06,2.57660150527954e-06,2.64396190643311e-06,6.30318880081177e-06,0.2592423,0.0003975409999999995,0.26079276799999995,0.00029779199999999985,0.260868992,0.0003784169999999998,0.2633457280000001,0.0002829169999999997,0.640774016,0.0005885000000000005,0.12,0.1,0.11,0.09,0.14,8.65,10
calculator,OpenAI,o3-mini-high,3-chain_of_thoughts-zero_shot,9,1,253,1,5,0,1,2,86,2.48466968536377e-06,2.53257989883423e-06,2.58825778961182e-06,2.58681774139404e-06,7.79751062393188e-06,0.24435133600000003,0.000370792,0.24655395199999997,0.00038708299999999987,0.24688172800000008,0.00048312500000000005,0.24960319999999991,0.0002710830000000001,0.757661632,0.004471332999999999,0.0,0.0,0.0,0.0,0.0,9.12,10
calculator,Anthropic,Claude 3.7 Sonnet,3-chain_of_thoughts-zero_shot,9,1,221,1,6,1,1,5,83,2.86301851272583e-06,2.8190803527832e-06,2.76680946350098e-06,2.77841091156006e-06,6.21713161468506e-06,0.271788784,0.00033433400000000037,0.27731715199999996,0.0003665000000000005,0.273864256,0.0005249999999999994,0.27575782399999993,0.0002756670000000003,0.622770048,0.0006128750000000006,0.0,0.0,0.0,0.0,0.0,6.47,10
calculator,Google,Gemini 2.0 Pro Experimental,3-chain_of_thoughts-zero_shot,9,1,207,1,5,0,1,66,22,3.28917026519775e-06,3.25387001037598e-06,3.27467918395996e-06,3.30418825149536e-06,9.21574831008911e-06,0.318756902,0.004105625000000001,0.31927712,0.0004237500000000005,0.3230636800000001,0.0003131669999999996,0.32693209600000006,0.0004684170000000005,0.9092604160000002,0.00089325,0.12,0.12,0.12,0.12,0.14,8.21,10
calculator,OpenAI,o3-mini-high,3-chain_of_thoughts-zero_shot,10,1,220,1,5,0,1,4,84,1.90989017486572e-06,1.97895050048828e-06,1.98292970657349e-06,2.05674886703491e-06,5.27431964874268e-06,0.190129494,0.00022366599999999997,0.197455904,0.00024041600000000024,0.196163488,0.0005475829999999999,0.19645011200000007,0.00020770800000000002,0.5037690880000001,0.0006094579999999994,0.0,0.0,0.0,0.0,0.0,8.63,10
calculator,Anthropic,Claude 3.7 Sonnet,3-chain_of_thoughts-zero_shot,10,1,221,1,5,0,1,3,85,2.00147867202759e-06,1.9271183013916e-06,1.94772958755493e-06,1.89988851547241e-06,4.45051193237305e-06,0.18448808800000002,0.00040716699999999995,0.18492486399999997,0.0004501669999999996,0.18844291200000002,0.0005457090000000001,0.20086841600000005,0.012811,0.44876614400000003,0.005337416000000001,0.0,0.0,0.0,0.0,0.0,6.32,10
calculator,Google,Gemini 2.0 Pro Experimental,3-chain_of_thoughts-zero_shot,10,1,184,1,4,0,1,59,29,2.75636911392212e-06,2.79188871383667e-06,2.77987957000732e-06,2.81001091003418e-06,7.18236923217773e-06,0.280006844,0.0003827910000000004,0.282641472,0.0003631670000000002,0.281224448,0.0003353750000000006,0.284650752,0.0005564170000000009,0.7090837759999999,0.0008322909999999989,0.11,0.14,0.09,0.11,0.14,9.49,10
calculator,OpenAI,o3-mini-high,4-chain_of_thoughts-few_shot,1,1,263,1,6,1,1,4,84,2.79257774353027e-06,2.89761066436768e-06,2.90318250656128e-06,2.92545080184937e-06,6.48273229598999e-06,0.27877212,0.00041699999999999984,0.27910425599999994,0.000455708,0.281587456,0.00023354099999999944,0.28140844799999987,0.00034224999999999967,0.617800576,0.0006697910000000012,0.0,0.0,0.0,0.0,0.0,8.65,10
calculator,Anthropic,Claude 3.7 Sonnet,4-chain_of_thoughts-few_shot,1,1,299,1,8,1,1,2,86,3.33157062530518e-06,3.23724031448364e-06,3.22417259216309e-06,3.27551126480103e-06,8.79449129104614e-06,0.32321617,0.0006759999999999995,0.323839904,0.0013695410000000002,0.32499584000000004,0.0003225839999999999,0.323900608,0.0005817909999999999,0.9150762239999999,0.011563042999999999,0.14,0.14,0.14,0.14,0.14,5.9,10
calculator,Google,Gemini 2.0 Pro Experimental,4-chain_of_thoughts-few_shot,1,1,357,2,14,0,1,59,29,2.57396936416626e-06,2.61682271957397e-06,2.57252931594849e-06,2.59697914123535e-06,5.63461303710937e-06,0.256946276,0.000941,0.26050032,0.00022920799999999984,0.25836774400000007,0.00022791599999999988,0.26216166400000007,0.0005264999999999992,0.5730666879999999,0.0007421249999999997,0.0,0.0,0.0,0.0,0.0,8.25,10
calculator,OpenAI,o3-mini-high,4-chain_of_thoughts-few_shot,2,1,256,1,10,0,1,,88,3.35910081863403e-06,3.47930192947388e-06,3.39891910552979e-06,3.41999053955078e-06,7.37734079360962e-06,0.335231888,0.0006374169999999995,0.33354639999999997,0.0003843329999999997,0.32484377600000003,0.0006099589999999993,0.3259568640000001,0.00044849999999999925,0.7533701120000003,0.012436207999999999,0.0,0.0,0.0,0.0,0.0,8.81,10
calculator,Anthropic,Claude 3.7 Sonnet,4-chain_of_thoughts-few_shot,2,1,260,1,8,1,1,33,55,3.6913800239563e-06,3.75898122787476e-06,3.625648021698e-06,3.88688802719116e-06,8.11338901519775e-06,0.36169030399999996,0.004365833,0.36630937599999996,0.0005762909999999996,0.352357952,0.0006733750000000004,0.354012416,0.0004911670000000007,0.7903765760000001,0.0010381250000000009,0.0,0.0,0.0,0.0,0.0,6.75,10
calculator,Google,Gemini 2.0 Pro Experimental,4-chain_of_thoughts-few_shot,2,1,219,1,6,0,1,59,29,3.22421073913574e-06,3.20228099822998e-06,3.23144197463989e-06,3.27051877975464e-06,7.42016792297363e-06,0.315685252,0.0005194169999999994,0.31822976,0.0005650840000000004,0.31865555199999995,0.0007130829999999998,0.31902086399999996,0.0005837080000000005,0.74290688,0.001093875000000001,0.08,0.08,0.08,0.08,0.09,8.32,10
calculator,OpenAI,o3-mini-high,4-chain_of_thoughts-few_shot,3,1,231,1,6,0,1,2,86,2.81898975372314e-06,2.89752721786499e-06,2.98672914505005e-06,2.91812181472778e-06,6.3955020904541e-06,0.280120698,0.0004227910000000005,0.28543763199999994,0.0003163749999999998,0.279939776,0.0006713750000000001,0.28412928000000004,0.00034541699999999977,0.615224832,0.0008663749999999991,0.0,0.0,0.0,0.0,0.0,9.29,10
calculator,Anthropic,Claude 3.7 Sonnet,4-chain_of_thoughts-few_shot,3,1,214,1,7,0,1,25,63,3.29670190811157e-06,3.11345100402832e-06,3.12356233596802e-06,3.1439995765686e-06,7.02372074127197e-06,0.31175129599999996,0.0004272499999999997,0.31570876800000003,0.0004565000000000003,0.31454400000000005,0.000781917,0.3171393279999999,0.0005950419999999996,0.7066845439999998,0.004105917000000001,0.06,0.06,0.06,0.06,0.08,5.83,10
calculator,Google,Gemini 2.0 Pro Experimental,4-chain_of_thoughts-few_shot,3,1,201,1,7,0,1,59,29,2.36356973648071e-06,2.37777948379517e-06,2.51720905303955e-06,4.12147998809814e-06,5.14930248260498e-06,0.236490536,0.00029141699999999954,0.24050417600000001,0.00037795899999999976,0.23884025600000003,0.0007005839999999998,0.24375833600000008,0.0010225830000000005,0.5121517440000001,0.006643625,0.0,0.0,0.0,0.0,0.0,9.19,10
calculator,OpenAI,o3-mini-high,4-chain_of_thoughts-few_shot,4,1,233,1,6,0,1,2,86,2.92253971099854e-06,3.16453218460083e-06,3.04672956466675e-06,3.02349090576172e-06,6.67035102844238e-06,0.289415702,9.274999999999995e-05,0.29271648000000006,0.00011879100000000004,0.28944448,0.0002101670000000007,0.29359078399999994,0.00016400000000000008,0.642030208,0.00027716700000000004,0.0,0.0,0.0,0.0,0.0,7.6,10
calculator,Anthropic,Claude 3.7 Sonnet,4-chain_of_thoughts-few_shot,4,1,369,1,12,1,1,36,52,4.45621013641357e-06,4.34982776641846e-06,3.95397901535034e-06,3.94557952880859e-06,9.44636821746826e-06,0.427667328,0.00017491700000000013,0.43252444799999995,0.00030416700000000015,0.392566528,0.00016970799999999932,0.3954242560000001,0.000202542,0.9640778240000001,0.0021997909999999996,0.0,0.0,0.0,0.0,0.0,6.45,10
calculator,Google,Gemini 2.0 Pro Experimental,4-chain_of_thoughts-few_shot,4,1,210,1,6,0,1,35,53,4.32977914810181e-06,,6.42132997512817e-06,4.36944961547852e-06,,0.434106672,0.0003870000000000002,,,0.43670844799999997,0.0001094160000000002,0.4402605439999999,0.00011887499999999919,,,0.12,,0.12,0.12,,9.36,10
calculator,OpenAI,o3-mini-high,4-chain_of_thoughts-few_shot,5,1,223,1,7,1,1,2,86,3.33616256713867e-06,3.40100765228271e-06,3.20282220840454e-06,3.40443134307861e-06,7.19921827316284e-06,0.32763578,0.001883916000000001,0.32694460799999997,0.0022389999999999997,0.31465446399999997,0.0030530420000000006,0.32198080000000007,0.0016577079999999973,0.7039293440000001,0.009579708,0.0,0.0,0.0,0.0,0.0,9.45,10
calculator,Anthropic,Claude 3.7 Sonnet,4-chain_of_thoughts-few_shot,5,1,238,1,9,0,1,3,85,2.64985799789429e-06,2.65110969543457e-06,2.57323980331421e-06,2.59272336959839e-06,5.47212839126587e-06,0.261867504,0.00045687499999999895,0.26298211200000005,0.00043170800000000113,0.25413004800000005,0.0002925419999999998,0.257017088,0.0003437500000000003,0.5404511359999999,0.0007649159999999992,0.06,0.06,0.06,0.06,0.08,5.81,10
calculator,Google,Gemini 2.0 Pro Experimental,4-chain_of_thoughts-few_shot,5,0,,,,,,,,,,,,,,,,,,,,,,,,,,,,,
calculator,OpenAI,o3-mini-high,4-chain_of_thoughts-few_shot,6,1,254,1,7,0,1,2,86,4.1341495513916e-06,4.25737142562866e-06,4.32353019714355e-06,7.24517822265625e-06,1.050223112106323e-05,0.422734004,0.00098,0.417027744,0.0006458749999999989,0.41575507200000006,0.00039341700000000007,0.422186752,0.00022729200000000047,1.056754816,0.0005903750000000006,0.0,0.0,0.0,0.0,0.0,9.17,10
calculator,Anthropic,Claude 3.7 Sonnet,4-chain_of_thoughts-few_shot,6,1,264,1,8,1,1,3,85,4.13822889328003e-06,4.16447162628174e-06,4.06077861785889e-06,4.09895896911621e-06,8.81553888320923e-06,0.41536403600000005,0.0005716670000000014,0.4142924479999999,0.000440916999999999,0.433029248,0.015376124,0.40793305600000007,0.0006259160000000007,0.883635328,0.0013469559999999998,0.06,0.06,0.06,0.06,0.06,5.54,10
calculator,Google,Gemini 2.0 Pro Experimental,4-chain_of_thoughts-few_shot,6,1,455,3,27,0,1,59,29,2.90415048599243e-06,2.98720121383667e-06,2.95800924301147e-06,2.94908046722412e-06,7.03932762145996e-06,0.28407637599999996,0.000709833,0.28599532800000005,0.0005339999999999998,0.29127840000000005,0.0005039160000000001,0.287700544,0.0004003750000000014,0.6766818560000001,0.0010170839999999997,0.0,0.0,0.0,0.0,0.0,7.26,10
calculator,OpenAI,o3-mini-high,4-chain_of_thoughts-few_shot,7,1,251,1,7,0,1,2,86,2.45759010314941e-06,2.40632057189941e-06,2.47787952423096e-06,2.54716873168945e-06,5.84683179855347e-06,0.237253256,0.0005299579999999996,0.23657745600000002,0.0005938329999999993,0.23773308800000004,0.0003585419999999999,0.23869344000000003,0.00029654200000000033,0.55544192,0.0013071669999999997,0.0,0.0,0.0,0.0,0.0,9.22,10
calculator,Anthropic,Claude 3.7 Sonnet,4-chain_of_thoughts-few_shot,7,1,310,1,9,0,1,47,41,2.68557071685791e-06,2.7227783203125e-06,2.65549182891846e-06,2.69569635391235e-06,6.83645009994507e-06,0.25452686399999996,0.000523417,0.25996883200000004,0.00027366600000000053,0.2680291520000001,0.0011974590000000005,0.2660023680000001,0.00019137499999999884,0.6745475839999999,0.0010200420000000005,0.0,0.0,0.0,0.0,0.0,5.43,10
calculator,Google,Gemini 2.0 Pro Experimental,4-chain_of_thoughts-few_shot,7,1,209,1,7,0,1,59,29,3.18553686141968e-06,3.15140008926392e-06,3.20341110229492e-06,3.17217826843262e-06,9.95235919952393e-06,0.316085126,0.0007734999999999999,0.314087168,0.00040987499999999965,0.31796479999999994,0.00046116599999999983,0.31934784000000005,0.0005967500000000001,0.7497941760000002,0.0015969169999999998,0.14,0.13,0.14,0.14,0.14,9.01,10
calculator,OpenAI,o3-mini-high,4-chain_of_thoughts-few_shot,8,1,266,1,6,1,1,4,84,2.91155099868774e-06,2.85229921340942e-06,2.849440574646e-06,2.92050838470459e-06,6.65750026702881e-06,0.272247466,0.0007323329999999999,0.27437724799999996,0.0002377080000000014,0.271285376,0.0004820830000000012,0.2735813119999999,0.005550167,0.6164200960000001,0.013032833,0.0,0.0,0.0,0.0,0.0,9.45,10
calculator,Anthropic,Claude 3.7 Sonnet,4-chain_of_thoughts-few_shot,8,1,237,1,6,1,1,26,62,3.93327713012695e-06,3.87274026870728e-06,3.88920068740845e-06,3.91039133071899e-06,8.7427568435669e-06,0.38809411800000004,0.008084375000000001,0.389046592,0.008711707999999999,0.4086435840000001,0.009244957999999998,0.4192829439999999,0.015522835999999998,0.860245376,0.017177083999999995,0.06,0.06,0.06,0.06,0.06,6.48,10
calculator,Google,Gemini 2.0 Pro Experimental,4-chain_of_thoughts-few_shot,8,0,,,,,,,,,,,,,,,,,,,,,,,,,,,,,
calculator,OpenAI,o3-mini-high,4-chain_of_thoughts-few_shot,9,1,258,1,6,1,1,4,84,3.5010290145874e-06,3.54744911193848e-06,3.56756925582886e-06,3.47878932952881e-06,8.71733903884888e-06,0.33881118,0.0005999580000000003,0.345858592,0.0005520830000000001,0.3398814079999999,0.0008290830000000004,0.34044275199999996,0.001086499999999999,0.861504128,0.0013847919999999993,0.0,0.0,0.0,0.0,0.0,9.04,10
calculator,Anthropic,Claude 3.7 Sonnet,4-chain_of_thoughts-few_shot,9,1,220,1,6,0,1,32,56,5.93143224716186e-06,4.14674758911133e-06,4.12050724029541e-06,4.17405843734741e-06,9.1048789024353e-06,0.407452472,0.0004901249999999992,0.41018175999999995,0.00046124999999999985,0.4071082880000001,0.0006624999999999999,0.41240870399999996,0.0014127500000000008,0.9062708480000001,0.005311833,0.06,0.06,0.06,0.06,0.07,6.37,10
calculator,Google,Gemini 2.0 Pro Experimental,4-chain_of_thoughts-few_shot,9,1,259,1,6,0,1,59,29,2.41637229919434e-06,2.42974996566772e-06,2.42964029312134e-06,2.49043941497803e-06,5.28081893920898e-06,0.24422753599999997,0.0003837500000000004,0.24522636800000003,0.0004355000000000001,0.24533017600000007,0.0002778749999999995,0.2575942400000001,0.0006804579999999992,0.563244992,0.009078374,0.0,0.0,0.0,0.0,0.0,8.19,10
calculator,OpenAI,o3-mini-high,4-chain_of_thoughts-few_shot,10,1,279,1,8,0,1,2,86,4.0675687789917e-06,4.24076080322266e-06,4.20325994491577e-06,4.28140163421631e-06,1.068475961685181e-05,0.400314032,0.0010453749999999994,0.40783983999999995,0.0010587919999999994,0.40888268800000005,0.002041083000000001,0.40847513600000007,0.0006062910000000001,1.069501568,0.008090917000000001,0.0,0.0,0.0,0.0,0.0,9.51,10
calculator,Anthropic,Claude 3.7 Sonnet,4-chain_of_thoughts-few_shot,10,1,215,1,7,0,1,25,63,2.50141859054565e-06,2.55506038665771e-06,3.08311939239502e-06,3.16321134567261e-06,9.03740167617798e-06,0.248988624,0.0011239999999999991,0.24981283200000004,0.001620749999999999,0.30354460800000005,0.0012578339999999993,0.3088988799999999,0.002213291000000001,0.8869977599999999,0.002146666000000002,0.0,0.0,0.0,0.0,0.0,5.9,10
calculator,Google,Gemini 2.0 Pro Experimental,4-chain_of_thoughts-few_shot,10,1,349,2,8,0,1,6,82,2.95841932296753e-06,2.99299240112305e-06,2.97182083129883e-06,3.01224946975708e-06,6.59518957138062e-06,0.297394174,0.00044829199999999944,0.303012032,0.0014829170000000003,0.30048608,0.0003519999999999999,0.30560851200000005,0.003269625,0.6697034240000002,0.004585459,0.0,0.0,0.0,0.0,0.0,8.42,10
calculator,OpenAI,o3-mini-high,5-role-zero_shot,1,1,213,1,8,1,1,,88,3.21342945098877e-06,5.453200340271e-06,3.09062004089355e-06,3.17578315734863e-06,7.73794174194336e-06,0.313628174,0.002773583999999999,0.31030147199999997,0.0014906659999999999,0.28981075199999995,0.0023117499999999996,0.29479936000000007,0.00134425,0.7178618880000001,0.003934750000000001,0.0,0.0,0.0,0.0,0.0,9.03,10
calculator,Anthropic,Claude 3.7 Sonnet,5-role-zero_shot,1,1,264,1,7,1,1,25,63,4.06129121780395e-06,4.01880025863647e-06,3.97442102432251e-06,4.22461986541748e-06,9.81992959976196e-06,0.39648742200000003,0.001860833000000001,0.394251616,0.0016622500000000005,0.3965960959999999,0.0031383750000000005,0.42115980799999986,0.003232832999999999,0.9891214080000001,0.017556624,0.11,0.12,0.11,0.12,0.19,6.47,10
calculator,Google,Gemini 2.0 Pro Experimental,5-role-zero_shot,1,1,156,1,3,3,1,35,53,2.33646154403687e-06,,4.5415186882019e-06,2.35887050628662e-06,,0.231409664,0.00208475,,,0.232903568,0.001890292,0.23496969600000006,0.0016055419999999997,,,0.06,,0.06,0.06,,9.01,10
calculator,OpenAI,o3-mini-high,5-role-zero_shot,2,1,210,1,7,0,1,,88,2.4465012550354e-06,2.53287315368652e-06,2.48363018035889e-06,2.45885133743286e-06,9.15029048919678e-06,0.24406320799999998,0.0006207920000000002,0.24875779199999998,0.0007759579999999993,0.23446096000000005,0.0006068340000000005,0.24079891200000003,0.0007952089999999998,0.5705906559999999,0.0008493749999999994,0.0,0.0,0.0,0.0,0.0,8.5,10
calculator,Anthropic,Claude 3.7 Sonnet,5-role-zero_shot,2,1,306,1,10,1,1,3,85,4.17243957519531e-06,3.71429204940796e-06,3.51583957672119e-06,3.50686073303223e-06,7.64511823654175e-06,0.356755504,0.0007404169999999993,0.36246534399999997,0.0005287080000000001,0.3534320000000001,0.0015769999999999994,0.35271116800000013,0.0026105,0.7594078719999999,0.005180708000000001,0.0,0.0,0.0,0.0,0.0,6.19,10
calculator,Google,Gemini 2.0 Pro Experimental,5-role-zero_shot,2,1,198,1,6,1,1,6,82,2.7561616897583e-06,2.79614925384521e-06,2.77196884155273e-06,2.82028913497925e-06,6.33894205093384e-06,0.278704216,0.0012623750000000005,0.27952502399999996,0.0004347499999999994,0.28172780799999997,0.0003727499999999998,0.28389235200000007,0.0005985420000000005,0.6306868480000001,0.0022932079999999997,0.08,0.09,0.06,0.09,0.12,8.61,10
calculator,OpenAI,o3-mini-high,5-role-zero_shot,3,1,193,1,5,1,1,,88,1.59637928009033e-06,1.601243019104e-06,1.55327081680298e-06,1.78052186965942e-06,5.37292957305908e-06,0.16081188,0.0008402920000000012,0.16063944000000002,0.00036358400000000013,0.15326883200000002,0.00036125000000000046,0.153893024,0.0001876250000000003,0.313085504,0.0006724160000000003,0.08,0.08,0.08,0.08,0.14,9.38,10
calculator,Anthropic,Claude 3.7 Sonnet,5-role-zero_shot,3,1,261,1,6,1,1,5,83,3.96635055541992e-06,4.00661945343018e-06,3.94814252853394e-06,3.81564855575562e-06,7.96623229980469e-06,0.38180746600000004,0.001093625,0.381989248,0.0006212500000000003,0.38057363200000005,0.0005952920000000007,0.3826062079999999,0.0004574999999999996,0.787929216,0.001001333,0.12,0.12,0.12,0.12,0.12,5.61,10
calculator,Google,Gemini 2.0 Pro Experimental,5-role-zero_shot,3,1,174,1,5,0,1,37,51,3.77020835876465e-06,,3.77152919769287e-06,3.80090713500977e-06,,0.37588140000000003,0.0005596669999999998,,,0.377798144,0.0006124160000000002,0.3785315199999999,0.00043733400000000016,,,0.14,,0.14,0.14,,8.99,10
calculator,OpenAI,o3-mini-high,5-role-zero_shot,4,1,188,1,7,0,1,2,86,2.18736886978149e-06,2.25093126296997e-06,2.24780797958374e-06,2.30046033859253e-06,5.42385816574097e-06,0.217494332,0.00025975000000000043,0.219128896,0.00025600000000000015,0.212272032,0.00032999999999999956,0.21353235199999998,0.0004394999999999998,0.5084209279999999,0.0007435839999999994,0.0,0.0,0.0,0.0,0.0,8.57,10
calculator,Anthropic,Claude 3.7 Sonnet,5-role-zero_shot,4,1,262,1,5,1,1,30,58,2.68129110336304e-06,2.73952007293701e-06,2.63972043991089e-06,2.64738082885742e-06,6.2726616859436e-06,0.259948552,0.0003942500000000005,0.26335529600000007,0.0007603749999999998,0.26451270399999993,0.00032537500000000014,0.26742540800000003,0.000324291,0.6113958399999999,0.0009494170000000001,0.0,0.0,0.0,0.0,0.0,6.51,10
calculator,Google,Gemini 2.0 Pro Experimental,5-role-zero_shot,4,1,178,1,4,1,1,35,53,4.29375171661377e-06,,2.47489929199219e-06,2.48757839202881e-06,,0.24770008400000001,0.0005168339999999999,,,0.25139803200000005,0.0006144999999999996,0.25760652800000006,0.0005164579999999992,,,0.1,,0.07,0.09,,8.67,10
calculator,OpenAI,o3-mini-high,5-role-zero_shot,5,1,187,1,5,1,1,,88,2.32606887817383e-06,2.37989902496338e-06,2.31630802154541e-06,2.38522052764893e-06,5.64987182617187e-06,0.22902782600000002,0.0004457920000000004,0.231623248,0.0004087080000000007,0.22343273600000002,0.00036520800000000055,0.2258339199999999,0.0002803750000000011,0.5468410879999999,0.002804791000000001,0.0,0.0,0.0,0.0,0.0,9.12,10
calculator,Anthropic,Claude 3.7 Sonnet,5-role-zero_shot,5,1,238,1,7,1,1,29,59,4.48482036590576e-06,4.35993194580078e-06,4.51249122619629e-06,4.57306861877441e-06,1.057044982910156e-05,0.46371161800000005,0.010406374999999999,0.432369568,0.0005960829999999973,0.4363873279999999,0.0006053760000000012,0.43920921600000007,0.0004131679999999985,1.0630647039999999,0.0019435839999999982,0.06,0.06,0.06,0.06,0.09,6.3,10
calculator,Google,Gemini 2.0 Pro Experimental,5-role-zero_shot,5,1,163,1,5,1,1,4,84,2.41818904876709e-06,2.47545957565308e-06,2.45849847793579e-06,2.49592065811157e-06,6.00927114486694e-06,0.242138424,0.00039950000000000055,0.24909112000000005,0.001404959,0.24652233599999995,0.002220166000000001,0.24842579199999992,0.002528124999999999,0.608244352,0.006777165999999999,0.12,0.12,0.12,0.11,0.12,9.38,10
calculator,OpenAI,o3-mini-high,5-role-zero_shot,6,1,230,1,8,0,1,7,81,2.53603219985962e-06,2.70670175552368e-06,3.49615812301636e-06,2.5048303604126e-06,6.18442058563232e-06,0.247843588,0.0013090000000000003,0.24756188799999995,0.0005717919999999998,0.23631017600000004,0.0008479999999999998,0.24164825599999995,0.0014103750000000002,0.5928537599999999,0.002188166,0.0,0.0,0.0,0.0,0.0,8.62,10
calculator,Anthropic,Claude 3.7 Sonnet,5-role-zero_shot,6,1,303,1,9,1,1,2,86,2.63975143432617e-06,5.27612924575806e-06,2.9149603843689e-06,2.58995056152344e-06,5.9368896484375e-06,0.250380944,0.0015050409999999995,0.251090208,0.001352875,0.24608441599999997,0.0020038750000000004,0.24853376000000005,0.0011702080000000007,0.591029952,0.005619957000000002,0.12,0.12,0.06,0.12,0.12,7.08,10
calculator,Google,Gemini 2.0 Pro Experimental,5-role-zero_shot,6,1,198,1,6,1,1,28,60,4.14594173431397e-06,4.19216871261597e-06,4.15050983428955e-06,4.15776014328003e-06,8.69632959365845e-06,0.41194550199999996,0.0035362909999999996,0.414063424,0.0033871250000000012,0.41573414399999997,0.0025714580000000004,0.4446282239999999,0.017265209,0.8516664319999998,0.004937080000000003,0.12,0.12,0.12,0.12,0.12,9.16,10
calculator,OpenAI,o3-mini-high,5-role-zero_shot,7,1,187,1,7,0,1,,88,2.14015007019043e-06,2.17514991760254e-06,2.20453023910522e-06,2.18835830688477e-06,5.07491111755371e-06,0.211264958,0.0005416249999999996,0.213212192,0.0005844170000000011,0.20131599999999994,0.0017062919999999999,0.206867904,0.002307125,0.4770341119999999,0.002878709,0.0,0.0,0.0,0.0,0.0,8.67,10
calculator,Anthropic,Claude 3.7 Sonnet,5-role-zero_shot,7,1,275,1,6,1,1,8,80,3.03014755249023e-06,2.85576820373535e-06,2.91819095611572e-06,2.76107788085937e-06,6.230309009552e-06,0.274909028,0.0013372089999999998,0.279474048,0.000606667,0.27520262399999995,0.0004716249999999998,0.2755354240000001,0.0011133749999999998,0.6113914880000002,0.0012363749999999996,0.11,0.12,0.09,0.12,0.12,6.42,10
calculator,Google,Gemini 2.0 Pro Experimental,5-role-zero_shot,7,1,231,1,6,1,1,27,61,3.52443218231201e-06,3.54972124099731e-06,3.46273183822632e-06,3.47478151321411e-06,6.97139024734497e-06,0.374714348,0.015241292,0.35465359999999996,0.0010792079999999982,0.34166323200000004,0.0006919160000000008,0.3637093120000001,0.0025053739999999977,0.6921692159999997,0.0011852499999999988,0.12,0.12,0.12,0.12,0.12,8.17,10
calculator,OpenAI,o3-mini-high,5-role-zero_shot,8,1,195,1,5,0,1,,88,2.14930057525635e-06,2.20003128051758e-06,2.35047817230225e-06,2.28013753890991e-06,5.3748893737793e-06,0.21260578800000002,0.0005278749999999997,0.21316752000000003,0.00037233299999999987,0.20497916800000004,0.0002450000000000004,0.20759839999999996,0.00039216700000000056,0.5253944319999999,0.006838167000000001,0.0,0.0,0.0,0.0,0.0,8.66,10
calculator,Anthropic,Claude 3.7 Sonnet,5-role-zero_shot,8,1,393,5,16,1,1,28,60,5.23061037063599e-06,5.31718969345093e-06,4.9338436126709e-06,4.98095750808716e-06,1.149390935897827e-05,0.5021663239999999,0.0009057100000000005,0.518772096,0.0011094599999999996,0.481832512,0.0007924999999999981,0.4907591680000001,0.0009904179999999999,1.124109952,0.002404,0.12,0.12,0.12,0.12,0.14,6.2,10
calculator,Google,Gemini 2.0 Pro Experimental,5-role-zero_shot,8,1,172,1,4,1,1,57,31,4.0006685256958e-06,4.0421986579895e-06,4.02344942092896e-06,4.04700994491577e-06,1.108018159866333e-05,0.40414308,0.000633041,0.40586649599999997,0.0009032500000000004,0.410633728,0.0008127919999999997,0.4147621119999998,0.0010875829999999996,1.098847232,0.0028082080000000013,0.12,0.12,0.12,0.12,0.16,8.97,10
calculator,OpenAI,o3-mini-high,5-role-zero_shot,9,1,180,1,5,0,1,,88,2.08661079406738e-06,2.12699890136719e-06,2.13673830032349e-06,2.22948789596558e-06,5.11389017105103e-06,0.206264788,0.0006482500000000004,0.206884208,0.0004662920000000001,0.200414048,0.00032979199999999976,0.205176704,0.00046795900000000043,0.4889105280000001,0.0020297089999999993,0.0,0.0,0.0,0.0,0.0,8.6,10
calculator,Anthropic,Claude 3.7 Sonnet,5-role-zero_shot,9,1,439,13,20,1,1,21,67,3.30986976623535e-06,5.74198007583618e-06,3.24581861495972e-06,3.16617012023926e-06,8.11137914657593e-06,0.321127658,0.0009495420000000003,0.32861808000000003,0.0006305409999999992,0.32314847999999996,0.0008051670000000007,0.322339264,0.0004284160000000009,0.8122658559999998,0.001603584,0.06,0.06,0.06,0.06,0.08,4.75,10
calculator,Google,Gemini 2.0 Pro Experimental,5-role-zero_shot,9,1,183,1,5,1,1,59,29,3.85477304458618e-06,3.86632204055786e-06,3.95594835281372e-06,3.92187118530273e-06,8.01722049713135e-06,0.394852372,0.0010700839999999998,0.39256476799999995,0.0005730830000000003,0.40056518399999996,0.0007113329999999998,0.40200038399999993,0.0007139580000000006,0.81637504,0.0014957500000000006,0.12,0.12,0.12,0.12,0.12,8.78,10
calculator,OpenAI,o3-mini-high,5-role-zero_shot,10,1,184,1,5,0,1,,88,2.37975120544434e-06,2.43735074996948e-06,2.06248998641968e-06,2.08889961242676e-06,5.10494947433472e-06,0.206948672,0.0011243750000000004,0.205494512,0.0005983340000000007,0.19729420800000003,0.0005292079999999998,0.20056364799999993,0.0003737500000000008,0.48089792,0.0008927090000000002,0.0,0.0,0.0,0.0,0.0,8.56,10
calculator,Anthropic,Claude 3.7 Sonnet,5-role-zero_shot,10,1,260,1,8,0,1,5,83,4.03491020202637e-06,3.89092922210693e-06,3.87777090072632e-06,3.93318891525269e-06,9.62595939636231e-06,0.386366622,0.000812208,0.38890096,0.0008139169999999991,0.390985216,0.0007619580000000001,0.39268544000000016,0.0005827910000000009,0.9540590080000002,0.001728459,0.12,0.12,0.12,0.12,0.13,6.58,10
calculator,Google,Gemini 2.0 Pro Experimental,5-role-zero_shot,10,1,151,1,3,2,1,54,34,,,3.37905168533325e-06,3.4229588508606e-06,,,,,,0.34316019400000003,0.0007995839999999999,0.34991216,0.000590709,,,,,0.12,0.12,,9.1,10
calculator,OpenAI,o3-mini-high,6-role-few_shot,1,1,278,1,7,1,1,4,84,4.28772211074829e-06,4.30179119110107e-06,4.21433687210083e-06,4.34226989746094e-06,1.217643976211548e-05,0.41267193199999996,0.0012048330000000006,0.413994208,0.0017178750000000007,0.41047155199999996,0.0006358330000000006,0.414349952,0.0006212920000000007,1.0325384959999997,0.00231025,0.0,0.0,0.0,0.0,0.0,9.37,10
calculator,Anthropic,Claude 3.7 Sonnet,6-role-few_shot,1,1,225,1,7,1,1,27,61,2.61804103851318e-06,2.64436006546021e-06,2.6712703704834e-06,2.69447803497314e-06,5.58566808700562e-06,0.260509962,0.0004187920000000003,0.26070409600000005,0.0004880829999999994,0.26563609600000004,0.0005479590000000006,0.2671966720000001,0.0004630830000000013,0.5478590719999998,0.0012142090000000008,0.0,0.0,0.0,0.0,0.0,6.63,10
calculator,Google,Gemini 2.0 Pro Experimental,6-role-few_shot,1,1,151,1,4,3,1,73,15,3.03704023361206e-06,3.02732944488525e-06,3.0264401435852e-06,3.06758880615234e-06,7.30085134506226e-06,0.29824012,0.0006853749999999994,0.30015171199999996,0.00036166600000000007,0.305036544,0.000897333000000001,0.3263633279999999,0.011953166000000001,0.7192272640000001,0.0016110000000000013,0.09,0.12,0.09,0.09,0.12,9.26,10
calculator,OpenAI,o3-mini-high,6-role-few_shot,2,1,199,1,7,0,1,,88,3.10155153274536e-06,3.22110891342163e-06,3.1380295753479e-06,3.15223932266235e-06,6.86742067337036e-06,0.29979649599999997,0.0006612500000000004,0.29725152,0.0006021249999999994,0.29169094400000006,0.0006126659999999996,0.2951271040000001,0.0006405839999999996,0.6682822400000001,0.010404041,0.0,0.0,0.0,0.0,0.0,8.95,10
calculator,Anthropic,Claude 3.7 Sonnet,6-role-few_shot,2,1,341,5,15,1,1,29,59,5.35327911376953e-06,5.24961948394775e-06,5.14207124710083e-06,5.22539854049683e-06,1.103377103805542e-05,0.5118068259999999,0.0009060830000000002,0.5239415679999999,0.0007809999999999987,0.5051890560000001,0.0008500829999999997,0.511057664,0.00119675,1.072111488,0.0018192920000000001,0.12,0.12,0.12,0.12,0.12,6.77,10
calculator,Google,Gemini 2.0 Pro Experimental,6-role-few_shot,2,1,161,1,4,1,1,59,29,3.1551718711853e-06,3.14877033233643e-06,3.14453840255737e-06,3.16509008407593e-06,7.32675075531006e-06,0.31289503599999996,0.0006327910000000006,0.31293296,0.0007995830000000004,0.314463552,0.001145959000000001,0.3149909759999999,0.0005180410000000003,0.7362297600000001,0.002256458000000001,0.12,0.12,0.09,0.12,0.12,9.3,10
calculator,OpenAI,o3-mini-high,6-role-few_shot,3,1,197,1,7,0,1,,88,3.56393337249756e-06,3.62959146499634e-06,3.58034133911133e-06,3.53888988494873e-06,7.73313045501709e-06,0.348090128,0.0007832500000000001,0.35089206399999995,0.0005239169999999996,0.33970816000000004,0.00039424999999999877,0.34223251200000004,0.0005905000000000007,0.7408399360000002,0.0015259160000000004,0.0,0.0,0.0,0.0,0.0,9.25,10
calculator,Anthropic,Claude 3.7 Sonnet,6-role-few_shot,3,1,290,3,9,0,1,5,83,3.3610200881958e-06,3.41765165328979e-06,5.46047925949097e-06,3.37099075317383e-06,8.05956125259399e-06,0.33721819199999997,0.0006002499999999992,0.34680931200000004,0.0009853339999999992,0.33897663999999994,0.0014150000000000013,0.3394870400000001,0.0007006249999999999,0.8123728639999999,0.0019942910000000005,0.06,0.06,0.06,0.06,0.06,6.16,10
calculator,Google,Gemini 2.0 Pro Experimental,6-role-few_shot,3,1,203,1,7,1,1,56,32,,,2.98021793365479e-06,3.02375078201294e-06,,,,,,0.297362886,0.0005614999999999995,0.299179072,0.0004785420000000002,,,,,0.12,0.14,,9.41,10
calculator,OpenAI,o3-mini-high,6-role-few_shot,4,1,198,1,7,1,1,2,86,3.09839963912964e-06,3.19395065307617e-06,3.0763578414917e-06,3.15031051635742e-06,6.92869901657105e-06,0.302742544,0.0006015830000000002,0.303487712,0.0004776670000000002,0.29514016,0.000686959,0.29771571200000013,0.0006374580000000005,0.660399744,0.0013188330000000002,0.0,0.0,0.0,0.0,0.0,9.39,10
calculator,Anthropic,Claude 3.7 Sonnet,6-role-few_shot,4,1,307,3,10,0,1,63,25,3.51256132125854e-06,3.47015857696533e-06,3.47634792327881e-06,3.48320007324219e-06,1.029481172561645e-05,0.35152530400000004,0.0008277919999999999,0.352174464,0.001352542,0.34879462399999994,0.0007466669999999995,0.3519134079999999,0.0010273750000000005,0.8499928320000001,0.0014502909999999994,0.0,0.0,0.0,0.0,0.0,6.06,10
calculator,Google,Gemini 2.0 Pro Experimental,6-role-few_shot,4,1,183,1,7,0,1,57,31,3.31387996673584e-06,3.29509258270264e-06,3.31093788146973e-06,3.34178686141968e-06,7.60018825531006e-06,0.327149962,0.0007510829999999996,0.327851488,0.000497875,0.3292161280000001,0.0006446250000000002,0.331017216,0.0005608339999999996,0.75152128,0.0013839999999999998,0.06,0.06,0.06,0.06,0.06,8.82,10
calculator,OpenAI,o3-mini-high,6-role-few_shot,5,1,243,1,6,0,1,2,86,3.84790182113647e-06,3.92515897750854e-06,3.85168313980103e-06,5.99789142608643e-06,9.47159051895142e-06,0.36279069799999997,0.0005609580000000003,0.36857456000000005,0.0010650830000000005,0.36583129599999986,0.0005560830000000006,0.3690200320000001,0.00046950000000000117,0.904007936,0.001603292000000001,0.0,0.0,0.0,0.0,0.0,8.88,10
calculator,Anthropic,Claude 3.7 Sonnet,6-role-few_shot,5,1,334,5,15,0,1,6,82,4.59380865097046e-06,4.93200778961182e-06,4.57037925720215e-06,4.59444999694824e-06,1.04042911529541e-05,0.463035374,0.0008950829999999996,0.481632512,0.0008628749999999999,0.4574229759999999,0.0012069999999999997,0.483886464,0.010762416,1.0390208,0.0019282500000000029,0.06,0.06,0.06,0.06,0.08,6.42,10
calculator,Google,Gemini 2.0 Pro Experimental,6-role-few_shot,5,1,180,1,6,1,1,59,29,3.21195125579834e-06,3.21872234344482e-06,3.24969053268433e-06,3.24708700180054e-06,7.38193988800049e-06,0.323467336,0.001130959,0.326077344,0.0005670830000000003,0.323488,0.00043154200000000004,0.3264920320000001,0.0005682079999999989,0.7442318079999999,0.001226666999999999,0.12,0.12,0.12,0.12,0.12,9.76,10
calculator,OpenAI,o3-mini-high,6-role-few_shot,6,1,253,1,6,0,1,,88,3.1892991065979e-06,3.15240144729614e-06,3.04771184921265e-06,3.04646015167236e-06,6.64740085601807e-06,0.296025912,0.002290500000000001,0.306674016,0.0038427080000000002,0.29897676799999995,0.002989374999999999,0.294307136,0.0024184179999999986,0.6498013439999999,0.005126332000000001,0.0,0.0,0.0,0.0,0.0,8.76,10
calculator,Anthropic,Claude 3.7 Sonnet,6-role-few_shot,6,1,288,1,9,1,1,26,62,3.07317018508911e-06,3.09587001800537e-06,3.08143854141235e-06,3.09056997299194e-06,6.31791114807129e-06,0.309088298,0.001365959,0.31271606399999996,0.001231916999999999,0.309799936,0.00120375,0.3131671039999999,0.002985165999999999,0.6442127359999998,0.0045867930000000005,0.12,0.12,0.12,0.09,0.12,6.81,10
calculator,Google,Gemini 2.0 Pro Experimental,6-role-few_shot,6,0,,,,,,,,,,,,,,,,,,,,,,,,,,,,,
calculator,OpenAI,o3-mini-high,6-role-few_shot,7,1,270,1,7,0,1,2,86,3.67419242858887e-06,3.88067245483398e-06,3.85210275650024e-06,3.81069898605347e-06,1.167516946792602e-05,0.35977216,0.00046179199999999993,0.364973408,0.002376999999999999,0.36433900799999996,0.0018727500000000011,0.3653153280000001,0.0018918749999999995,0.9460258559999999,0.004490624000000002,0.0,0.0,0.0,0.0,0.0,9.38,10
calculator,Anthropic,Claude 3.7 Sonnet,6-role-few_shot,7,1,270,1,7,1,1,5,83,3.27224016189575e-06,3.3134388923645e-06,3.2740592956543e-06,3.29771041870117e-06,7.40669250488281e-06,0.329297748,0.0032882909999999996,0.32917049600000003,0.0030516669999999992,0.32473612800000007,0.001967041000000001,0.32746214400000007,0.0015222080000000006,0.736701568,0.0018277080000000008,0.06,0.06,0.06,0.06,0.06,6.29,10
calculator,Google,Gemini 2.0 Pro Experimental,6-role-few_shot,7,1,164,1,4,3,1,63,25,2.18369960784912e-06,2.22902059555054e-06,2.21512794494629e-06,2.24082231521606e-06,4.85302925109863e-06,0.23322954,0.0014992079999999993,0.230233568,0.0008112499999999995,0.22675702399999997,0.00028583300000000096,0.23195584000000002,0.00027383299999999937,0.4792842239999999,0.0007799169999999998,0.06,0.03,0.03,0.03,0.06,9.31,10
calculator,OpenAI,o3-mini-high,6-role-few_shot,8,1,237,1,6,1,1,4,84,3.5524320602417e-06,4.72533941268921e-06,3.26405763626099e-06,3.36785793304443e-06,7.14102029800415e-06,0.313174668,0.0004447500000000007,0.31626272,0.000673,0.31511289600000003,0.0005746669999999992,0.31792889600000007,0.0007642919999999997,0.693142784,0.0010405829999999994,0.0,0.0,0.0,0.0,0.0,9.33,10
calculator,Anthropic,Claude 3.7 Sonnet,6-role-few_shot,8,1,345,5,15,0,1,6,82,3.9579701423645e-06,4.17833089828491e-06,3.85263204574585e-06,3.95012140274048e-06,9.17855978012085e-06,0.39449259000000003,0.0006923750000000003,0.415127456,0.0008633340000000003,0.3865390080000001,0.0006827080000000006,0.395942016,0.0009800420000000004,0.935926016,0.011519626000000002,0.12,0.11,0.12,0.12,0.12,6.44,10
calculator,Google,Gemini 2.0 Pro Experimental,6-role-few_shot,8,1,202,1,7,1,1,59,29,3.12758207321167e-06,3.19842100143433e-06,3.1696891784668e-06,3.1597900390625e-06,7.23752975463867e-06,0.31735642399999997,0.0006099999999999994,0.31685615999999994,0.0004416660000000003,0.31713312000000005,0.0005687920000000011,0.3189906559999999,0.0007294169999999996,0.7323139840000001,0.0013108340000000003,0.09,0.09,0.12,0.12,0.12,9.32,10
calculator,OpenAI,o3-mini-high,6-role-few_shot,9,1,246,1,6,0,1,4,84,3.89305830001831e-06,4.07343864440918e-06,4.01531934738159e-06,4.23324108123779e-06,9.70764636993408e-06,0.384468458,0.0007204579999999993,0.390792928,0.0013037080000000006,0.39244544000000003,0.004506166999999998,0.3910428159999999,0.002489458,0.96853952,0.0023242509999999994,0.0,0.0,0.0,0.0,0.0,8.76,10
calculator,Anthropic,Claude 3.7 Sonnet,6-role-few_shot,9,1,240,1,6,1,1,27,61,3.30236196517944e-06,3.3608889579773e-06,3.35304021835327e-06,3.34038972854614e-06,7.77525901794434e-06,0.32478648600000004,0.0007004159999999997,0.329810784,0.000565833,0.32787135999999995,0.0005096660000000006,0.32961612799999984,0.0008010420000000001,0.7718060800000002,0.0020116249999999995,0.0,0.0,0.0,0.0,0.0,7.0,10
calculator,Google,Gemini 2.0 Pro Experimental,6-role-few_shot,9,1,190,1,6,1,1,59,29,3.25977802276611e-06,3.28213930130005e-06,3.3204984664917e-06,3.35613965988159e-06,9.49237108230591e-06,0.328279712,0.0010572919999999996,0.32791302400000005,0.0006547500000000008,0.32845395200000005,0.0006309579999999992,0.33021747199999996,0.0005768329999999988,0.7521182720000001,0.0014321669999999998,0.06,0.06,0.06,0.06,0.06,9.26,10
calculator,OpenAI,o3-mini-high,6-role-few_shot,10,1,222,1,9,0,1,,88,6.01974964141846e-06,6.30418062210083e-06,5.98872900009155e-06,8.61172914505005e-06,1.301130771636963e-05,0.576956632,0.0006497910000000003,0.579498176,0.0009648330000000009,0.5664221440000001,0.0016104169999999994,0.5740197120000001,0.004690082999999999,1.2875427840000002,0.009771418,0.0,0.0,0.0,0.0,0.0,8.83,10
calculator,Anthropic,Claude 3.7 Sonnet,6-role-few_shot,10,1,246,1,8,1,1,,88,3.66880893707275e-06,3.61222982406616e-06,3.54896306991577e-06,3.50260972976685e-06,7.75583028793335e-06,0.373823,0.014621334,0.352834208,0.002903957999999998,0.34188889599999994,0.002390334000000001,0.3462442239999999,0.0015506659999999992,0.7694287360000001,0.005204126,0.06,0.06,0.06,0.06,0.09,6.36,10
calculator,Google,Gemini 2.0 Pro Experimental,6-role-few_shot,10,1,198,1,7,1,1,59,29,3.34964036941528e-06,3.42954874038696e-06,3.45648288726807e-06,3.42191696166992e-06,8.58874797821045e-06,0.331692304,0.0023605830000000003,0.332493056,0.0025346250000000004,0.33393862399999996,0.0023367910000000013,0.3381720960000001,0.0024842080000000016,0.8387376639999999,0.006279833999999998,0.06,0.06,0.06,0.06,0.08,9.38,10
