challenge,provider,model,prompt_type,iteration,code_compilability,code_length,modularity-number_of_classes,modularity-number_of_methods,modularity-number_of_functions,functional_completeness,functional_correctness-fail,functional_correctness-pass,time_behaviour-draw_square,time_behaviour-draw_rectangle,time_behaviour-draw_parallelogram,time_behaviour-draw_triangle,time_behaviour-draw_pyramid,performance_efficiency-CPU-draw_square-user_time,performance_efficiency-CPU-draw_square-system_time,performance_efficiency-CPU-draw_rectangle-user_time,performance_efficiency-CPU-draw_rectangle-system_time,performance_efficiency-CPU-draw_parallelogram-user_time,performance_efficiency-CPU-draw_parallelogram-system_time,performance_efficiency-CPU-draw_triangle-user_time,performance_efficiency-CPU-draw_triangle-system_time,performance_efficiency-CPU-draw_pyramid-user_time,performance_efficiency-CPU-draw_pyramid-system_time,performance_efficiency-RAM-draw_square,performance_efficiency-RAM-draw_rectangle,performance_efficiency-RAM-draw_parallelogram,performance_efficiency-RAM-draw_triangle,performance_efficiency-RAM-draw_pyramid,analysability-score,analysability-max_score
ascii_art,OpenAI,o3-mini-high,1-zero_shot,1,1,154,1,7,0,1,7,28,4.59273099899292e-06,2.5426983833313e-06,5.40754079818726e-06,5.35411834716797e-06,6.04540824890137e-06,0.442298492,0.0035160420000000005,0.24147951999999995,0.0024424159999999993,0.49791532800000005,0.0033948320000000004,0.5141743360000002,0.0037852079999999982,0.5952025599999999,0.005184250000000001,0.15,0.04,0.06,0.08,0.08,8.98,10
ascii_art,Anthropic,Claude 3.7 Sonnet,1-zero_shot,1,1,245,1,6,1,1,11,24,1.20376110076904e-06,7.1149110794067e-07,3.55433940887451e-06,6.46214723587036e-06,7.16846942901611e-06,0.12134583800000001,0.0008473330000000005,0.07203799999999999,0.0002157499999999998,0.35599475199999997,0.002382041999999999,0.63382976,0.0009728340000000005,0.7127880960000001,0.0010310419999999994,0.06,0.0,0.06,0.06,0.08,6.5,10
ascii_art,Google,Gemini 2.0 Pro Experimental,1-zero_shot,1,1,177,1,7,1,1,7,28,1.21242046356201e-06,7.1732759475708e-07,5.17725944519043e-06,2.58924961090088e-06,6.23514890670776e-06,0.119447336,0.0002217500000000006,0.072444336,0.00037787499999999974,0.506850032,0.0014449579999999997,0.25446393599999995,0.0002617079999999994,0.617057664,0.001795541999999999,0.06,0.0,0.06,0.06,0.09,8.1,10
ascii_art,OpenAI,o3-mini-high,1-zero_shot,2,1,192,1,8,0,1,7,28,4.44497108459473e-06,2.53283977508545e-06,4.97265815734863e-06,5.7834005355835e-06,6.53264284133911e-06,0.447211112,0.0006423749999999997,0.24154716800000003,0.0005850839999999996,0.49613171199999995,0.0007309170000000011,0.5640206080000001,0.0012704580000000004,0.6613259520000001,0.0010875420000000004,0.14,0.03,0.06,0.06,0.08,9.68,10
ascii_art,Anthropic,Claude 3.7 Sonnet,1-zero_shot,2,1,271,1,6,1,1,11,24,1.20573997497559e-06,7.2527885437012e-07,3.65222930908203e-06,7.95140981674194e-06,9.52852964401245e-06,0.12033104,0.00037333400000000034,0.07337321600000002,6.854100000000009e-05,0.35608528000000006,0.0004557090000000003,0.7995187200000001,0.0017425000000000001,0.7139187199999999,0.0012032499999999995,0.06,0.0,0.06,0.08,0.08,6.3,10
ascii_art,Google,Gemini 2.0 Pro Experimental,1-zero_shot,2,1,196,1,6,1,1,23,12,9.55806016921997e-06,,,,9.19713020324707e-06,0.952467068,0.002180584,,,,,,,0.907881024,0.0011644159999999997,0.17,,,,0.12,8.51,10
ascii_art,OpenAI,o3-mini-high,1-zero_shot,3,1,221,1,7,1,1,6,29,4.47131872177124e-06,2.47400045394897e-06,5.18067836761475e-06,8.77310991287231e-06,6.82286739349365e-06,0.437508988,0.0007348750000000003,0.24256902400000002,0.0004936669999999997,0.4982152959999999,0.0007596669999999995,0.8824793599999998,0.001825666,0.6847755520000001,0.001066458000000001,0.09,0.03,0.06,0.11,0.08,8.62,10
ascii_art,Anthropic,Claude 3.7 Sonnet,1-zero_shot,3,1,244,1,6,1,1,11,24,1.21932983398437e-06,7.3140859603882e-07,5.18190860748291e-06,1.046953916549683e-05,6.46243095397949e-06,0.120941746,0.00025275000000000037,0.073995424,0.00022699999999999977,0.511000976,0.0008983749999999999,1.060696448,0.0014313750000000012,0.6562004479999999,0.0006504590000000008,0.01,0.0,0.06,0.09,0.08,6.38,10
ascii_art,Google,Gemini 2.0 Pro Experimental,1-zero_shot,3,1,191,1,6,1,1,11,24,4.43720817565918e-06,2.40874052047729e-06,5.19105911254883e-06,2.60931968688965e-06,6.54041767120361e-06,0.44019219600000004,0.00051425,0.24022745600000006,0.00047875,0.518250112,0.0010183750000000002,0.26315699199999987,0.0006160419999999998,0.6498494720000001,0.0014302919999999997,0.1,0.03,0.06,0.04,0.08,8.97,10
ascii_art,OpenAI,o3-mini-high,1-zero_shot,4,1,173,1,8,0,1,8,27,4.45111751556396e-06,2.54215955734253e-06,5.2034592628479e-06,5.14048099517822e-06,5.30411005020142e-06,0.442156096,0.0007465410000000007,0.26922688000000006,0.012538542,0.503178496,0.0004394999999999989,0.5153817600000001,0.0006712480000000028,0.5199581440000001,0.0009120440000000007,0.14,0.03,0.05,0.08,0.06,9.84,10
ascii_art,Anthropic,Claude 3.7 Sonnet,1-zero_shot,4,1,232,1,6,1,1,11,24,4.7464394569397e-06,2.46915817260742e-06,5.05876064300537e-06,6.69887065887451e-06,6.83080911636353e-06,0.47550467999999996,0.0012549169999999995,0.24734198399999996,0.00076325,0.5087057920000001,0.0008485839999999994,0.6764962560000001,0.0012470420000000003,0.6820608000000001,0.0013670000000000002,0.11,0.03,0.06,0.08,0.08,5.85,10
ascii_art,Google,Gemini 2.0 Pro Experimental,1-zero_shot,4,1,196,1,6,1,1,11,24,4.40369129180908e-06,2.33839988708496e-06,5.11075019836426e-06,,6.43033027648926e-06,0.43951326,0.0008378749999999992,0.23643052799999997,0.0006537080000000002,0.511581056,0.0007694170000000014,,,0.6477107200000001,0.0007723749999999988,0.1,0.03,0.06,,0.08,9.17,10
ascii_art,OpenAI,o3-mini-high,1-zero_shot,5,1,184,1,8,0,1,6,29,3.49705934524536e-06,2.04524993896484e-06,5.52603960037231e-06,8.9126181602478e-06,7.09205865859985e-06,0.357646124,0.0007055830000000001,0.19778646400000005,0.0002452499999999998,0.530023488,0.0008850839999999995,0.8908107519999999,0.001144125000000001,0.7168826880000001,0.0009413330000000008,0.06,0.03,0.08,0.09,0.08,8.94,10
ascii_art,Anthropic,Claude 3.7 Sonnet,1-zero_shot,5,1,231,1,6,1,1,11,24,4.46794033050537e-06,2.38635063171387e-06,5.01125812530518e-06,9.05340909957886e-06,7.07648038864136e-06,0.44482286400000004,0.0006927500000000007,0.23815792000000002,0.0005310419999999998,0.49665043200000003,0.0014128329999999988,0.903561216,0.0014129580000000006,0.7136200959999996,0.0009699159999999995,0.11,0.03,0.08,0.09,0.08,6.48,10
ascii_art,Google,Gemini 2.0 Pro Experimental,1-zero_shot,5,1,154,1,6,1,1,11,24,4.42177772521973e-06,2.35571146011353e-06,5.15779972076416e-06,6.39800071716309e-06,6.21198892593384e-06,0.4494285,0.0008485420000000007,0.23784752000000003,0.0004878330000000009,0.512545344,0.0004109999999999999,0.635879936,0.0008302910000000004,0.6241393919999998,0.0010984999999999988,0.08,0.03,0.08,0.06,0.08,9.51,10
ascii_art,OpenAI,o3-mini-high,1-zero_shot,6,1,156,1,8,0,1,7,28,4.51905965805054e-06,6.11332893371582e-06,5.43852090835571e-06,7.60308027267456e-06,6.53827905654907e-06,0.44858224999999996,0.0005392499999999998,0.24429209599999996,0.000880334,0.53143712,0.0006786250000000004,0.7672547840000001,0.0013324589999999994,0.6611005440000004,0.0013688749999999986,0.09,0.05,0.08,0.1,0.11,9.67,10
ascii_art,Anthropic,Claude 3.7 Sonnet,1-zero_shot,6,1,267,1,6,1,1,11,24,1.9343900680542e-06,1.09631061553955e-06,4.97820854187012e-06,5.49103736877441e-06,6.13692998886108e-06,0.204247206,0.00039404199999999983,0.11058331200000002,9.125000000000019e-05,0.5276226239999999,0.0010181669999999995,0.5520051839999999,0.0006168329999999989,0.6365770239999999,0.0008036659999999998,0.08,0.02,0.08,0.09,0.11,5.92,10
ascii_art,Google,Gemini 2.0 Pro Experimental,1-zero_shot,6,1,191,1,6,0,1,11,24,9.66145038604736e-06,5.0799298286438e-06,8.21508169174194e-06,,9.26268815994263e-06,0.978456632,0.0017595420000000002,0.5124039680000001,0.0005702500000000004,0.82980352,0.0017616669999999997,,,0.9131952640000001,0.0017012499999999996,0.2,0.14,0.15,,0.13,9.12,10
ascii_art,OpenAI,o3-mini-high,1-zero_shot,7,1,239,1,8,1,1,6,29,4.51235055923462e-06,2.4665379524231e-06,5.2397894859314e-06,5.47224044799805e-06,6.51492834091186e-06,0.442646264,0.001110125,0.23909766399999993,0.0006774169999999996,0.49782905600000005,0.0008601670000000002,0.531171968,0.0008217500000000013,0.6456856320000002,0.0006912500000000009,0.12,0.03,0.05,0.08,0.1,9.69,10
ascii_art,Anthropic,Claude 3.7 Sonnet,1-zero_shot,7,1,243,1,6,1,1,11,24,1.1807107925415e-06,6.9682836532593e-07,5.17435789108276e-06,9.3544602394104e-06,6.30582094192505e-06,0.11760854400000001,0.00015412499999999975,0.069749584,1.979200000000025e-05,0.515432,0.0008982499999999997,0.956593344,0.001755666999999999,0.6308513279999999,0.0006757909999999985,0.06,0.03,0.06,0.11,0.09,6.9,10
ascii_art,Google,Gemini 2.0 Pro Experimental,1-zero_shot,7,1,255,1,8,1,1,11,24,9.4383692741394e-06,5.06739854812622e-06,7.63279914855957e-06,5.02552032470703e-06,9.29995775222778e-06,0.9809491880000001,0.013949207999999998,0.5074396799999998,0.0006817079999999996,0.81650048,0.0010061259999999995,0.5126663680000001,0.0007031240000000029,0.934442496,0.0013185000000000002,0.19,0.12,0.14,0.08,0.12,8.22,10
ascii_art,OpenAI,o3-mini-high,1-zero_shot,8,1,180,1,7,0,1,7,28,4.4842004776001e-06,2.52079010009766e-06,5.31774997711182e-06,7.74950981140137e-06,6.33228063583374e-06,0.444923576,0.0005864999999999993,0.24186639999999998,0.0005388330000000007,0.5030103039999999,0.0008845829999999996,0.78135808,0.0013142080000000007,0.6407825919999999,0.0007001250000000011,0.12,0.03,0.06,0.09,0.08,9.83,10
ascii_art,Anthropic,Claude 3.7 Sonnet,1-zero_shot,8,1,245,1,6,1,1,11,24,1.20394945144653e-06,7.1133852005005e-07,3.60281944274902e-06,8.93465995788574e-06,6.81215047836304e-06,0.12069938000000001,0.0004497500000000005,0.07187575999999998,7.395799999999984e-05,0.35941512,0.00039758299999999996,0.89000416,0.001414709000000001,0.6524647680000002,0.0017772079999999989,0.06,0.0,0.05,0.09,0.11,7.17,10
ascii_art,Google,Gemini 2.0 Pro Experimental,1-zero_shot,8,1,186,1,6,1,1,11,24,4.46259021759033e-06,2.39272832870483e-06,5.23748159408569e-06,3.03794860839844e-06,6.53114080429077e-06,0.443617078,0.0008580829999999999,0.2398328,0.0005782089999999997,0.517556288,0.0006639590000000004,0.2987001600000001,0.0004236250000000004,0.6574309119999999,0.0011936250000000002,0.14,0.05,0.07,0.06,0.08,8.87,10
ascii_art,OpenAI,o3-mini-high,1-zero_shot,9,1,256,1,7,1,1,7,28,4.57180023193359e-06,4.67168092727661e-06,5.21837949752808e-06,1.12836503982544e-05,6.65990829467773e-06,0.44722784600000004,0.0010002079999999998,0.240152288,0.0008250409999999994,0.4999148160000001,0.0008567079999999994,1.078330496,0.001348166999999999,0.6601692159999999,0.0012122920000000002,0.14,0.08,0.08,0.12,0.1,9.16,10
ascii_art,Anthropic,Claude 3.7 Sonnet,1-zero_shot,9,1,272,3,7,1,1,11,24,3.68573188781738e-06,1.98623895645142e-06,5.50174951553345e-06,5.97064971923828e-06,6.72199010848999e-06,0.37286159199999996,0.000539416,0.20192803200000004,0.00022737500000000015,0.546655936,0.0007938339999999993,0.589865216,0.000823833999999999,0.6708614399999997,0.0012336660000000013,0.15,0.05,0.11,0.12,0.12,6.99,10
ascii_art,Google,Gemini 2.0 Pro Experimental,1-zero_shot,9,1,189,1,6,1,1,11,24,1.50689125061035e-06,1.05847120285034e-06,5.6024432182312e-06,3.3080005645752e-06,6.89704895019531e-06,0.15114834,0.0006052080000000003,0.10645932799999996,0.00031662500000000007,0.5439741440000001,0.0013032499999999997,0.3308451200000001,0.00036287500000000035,0.6885903359999999,0.0009052910000000008,0.06,0.03,0.08,0.08,0.09,9.71,10
ascii_art,OpenAI,o3-mini-high,1-zero_shot,10,1,221,1,7,1,1,7,28,4.49528694152832e-06,2.50198125839233e-06,5.31841039657593e-06,1.104233026504517e-05,7.02473163604736e-06,0.44075657599999996,0.001206917,0.23658928,0.0007209169999999997,0.534889216,0.0008313339999999995,1.121066112,0.0015453329999999994,0.7079014400000001,0.0008388330000000006,0.13,0.06,0.09,0.09,0.11,10.0,10
ascii_art,Anthropic,Claude 3.7 Sonnet,1-zero_shot,10,1,231,1,6,1,1,11,24,3.84979009628296e-06,2.04499244689941e-06,5.06702899932861e-06,1.018481016159058e-05,6.30398035049438e-06,0.387883676,0.0006619579999999998,0.2058352,0.0004202499999999996,0.5171143680000001,0.0006274580000000009,1.058514688,0.0016160000000000011,0.6252029439999998,0.0014459169999999997,0.11,0.06,0.09,0.11,0.09,6.85,10
ascii_art,Google,Gemini 2.0 Pro Experimental,1-zero_shot,10,1,193,1,6,1,1,16,19,1.011183261871338e-05,,,,1.071508884429932e-05,0.97642526,0.0019898750000000003,,,,,,,1.06295296,0.0014918750000000001,0.2,,,,0.16,9.24,10
ascii_art,OpenAI,o3-mini-high,2-few_shot,1,1,192,1,7,0,1,6,29,4.53884124755859e-06,2.67845869064331e-06,5.73628187179565e-06,9.16418075561523e-06,6.55212879180908e-06,0.447426928,0.0005313340000000014,0.24343759999999998,0.0002463329999999996,0.53569856,0.0010238749999999987,0.9247489279999999,0.0015935419999999999,0.6583915519999999,0.0018007500000000003,0.17,0.06,0.06,0.11,0.08,8.75,10
ascii_art,Anthropic,Claude 3.7 Sonnet,2-few_shot,1,1,197,1,6,1,1,11,24,1.9560694694519e-06,1.06402158737183e-06,5.44606924057007e-06,6.71625852584839e-06,6.50357961654663e-06,0.199758088,0.00026237500000000046,0.10717364799999998,0.00010662499999999995,0.54178704,0.0009165840000000007,0.684155136,0.0009603750000000012,0.6611326720000001,0.0012787910000000013,0.09,0.03,0.08,0.09,0.08,6.13,10
ascii_art,Google,Gemini 2.0 Pro Experimental,2-few_shot,1,1,194,1,6,0,1,10,25,9.76824760437012e-06,5.08919954299927e-06,8.17106008529663e-06,9.6160101890564e-06,1.015290021896362e-05,0.937396448,0.006563082999999999,0.5038686080000001,0.0007456660000000007,0.8169459200000002,0.001232707999999999,0.9227018239999998,0.0015531670000000011,0.999983104,0.001750291000000001,0.2,0.12,0.16,0.14,0.14,9.86,10
ascii_art,OpenAI,o3-mini-high,2-few_shot,2,1,246,1,7,1,1,13,22,4.60971117019653e-06,2.44505167007446e-06,5.52315950393677e-06,1.055897235870361e-05,9.00044679641724e-06,0.44007236400000005,0.0037351660000000007,0.23750521600000002,0.0019157080000000003,0.5217857920000001,0.003887375999999998,1.114186112,0.010689208000000002,0.8879751680000001,0.0016937900000000006,0.14,0.06,0.06,0.09,0.09,9.69,10
ascii_art,Anthropic,Claude 3.7 Sonnet,2-few_shot,2,1,200,1,7,1,1,11,24,2.01030969619751e-06,1.17393970489502e-06,5.54035902023315e-06,5.90097904205322e-06,6.05721712112427e-06,0.20193433,0.00027824999999999985,0.11815404800000001,0.00010604200000000064,0.5170282559999999,0.0008923339999999998,0.5819970560000001,0.0010263750000000012,0.5980651519999998,0.0008000000000000004,0.09,0.03,0.09,0.06,0.08,6.56,10
ascii_art,Google,Gemini 2.0 Pro Experimental,2-few_shot,2,0,,,,,,,,,,,,,,,,,,,,,,,,,,,,,
ascii_art,OpenAI,o3-mini-high,2-few_shot,3,1,187,1,7,0,1,7,28,4.98546838760376e-06,2.65873908996582e-06,5.59319734573364e-06,5.51928997039795e-06,6.39721870422363e-06,0.485615752,0.0014960419999999995,0.25859174400000007,0.0005122919999999993,0.5238235520000001,0.0010574580000000007,0.526886784,0.0014591250000000004,0.6430062080000001,0.002528457999999999,0.14,0.06,0.08,0.11,0.09,9.69,10
ascii_art,Anthropic,Claude 3.7 Sonnet,2-few_shot,3,1,189,1,6,1,1,11,24,2.52482175827026e-06,1.28578186035156e-06,5.33573865890503e-06,9.97875928878784e-06,6.50593042373657e-06,0.254743916,0.000747083,0.12783542399999998,0.0002910839999999996,0.5204310719999999,0.0012380840000000004,1.0044543359999998,0.0022303749999999997,0.6542246400000002,0.0017959590000000015,0.12,0.05,0.09,0.12,0.09,6.35,10
ascii_art,Google,Gemini 2.0 Pro Experimental,2-few_shot,3,1,191,1,6,1,1,16,19,9.70542192459106e-06,,,,1.204110145568848e-05,0.9980422080000001,0.0017014170000000002,,,,,,,0.92879712,0.0009909589999999996,0.19,,,,0.14,8.62,10
ascii_art,OpenAI,o3-mini-high,2-few_shot,4,1,211,1,7,1,1,6,29,4.56955194473267e-06,2.72491931915283e-06,5.57352066040039e-06,9.93731021881104e-06,7.16773748397827e-06,0.452511448,0.0006643329999999996,0.244539648,0.0006423750000000006,0.528369536,0.0010830419999999993,1.000694912,0.0010974590000000003,0.7227678719999999,0.0011680000000000006,0.14,0.05,0.1,0.11,0.08,9.67,10
ascii_art,Anthropic,Claude 3.7 Sonnet,2-few_shot,4,1,218,1,6,1,1,11,24,1.26199960708618e-06,7.8870058059692e-07,5.30432939529419e-06,5.57621002197266e-06,6.39959096908569e-06,0.126254788,0.00023020799999999998,0.079857344,8.866600000000027e-05,0.52310776,0.0007375409999999995,0.5536954879999999,0.0005742079999999997,0.6514347520000001,0.0012361659999999995,0.1,0.03,0.08,0.08,0.08,6.16,10
ascii_art,Google,Gemini 2.0 Pro Experimental,2-few_shot,4,1,267,1,6,1,1,23,12,9.76837873458862e-06,,,,9.37418222427368e-06,0.970936734,0.001879833,,,,,,,0.923528256,0.001808249999999999,0.23,,,,0.19,8.88,10
ascii_art,OpenAI,o3-mini-high,2-few_shot,5,1,240,1,7,1,1,6,29,4.48331832885742e-06,2.46803045272827e-06,5.17185211181641e-06,8.70794057846069e-06,6.57058954238892e-06,0.44796008,0.0009631669999999991,0.23845331200000003,0.00019837500000000063,0.5039880320000001,0.0011842909999999988,0.8889781759999997,0.0015557090000000006,0.65886464,0.0009958329999999998,0.16,0.06,0.06,0.06,0.09,9.88,10
ascii_art,Anthropic,Claude 3.7 Sonnet,2-few_shot,5,1,236,1,6,1,1,11,24,1.94544076919556e-06,1.06679201126099e-06,5.44137954711914e-06,1.28783106803894e-05,7.12726831436157e-06,0.19433720000000002,0.0002961250000000004,0.10767374399999999,0.0001520829999999999,0.538787808,0.0007729999999999994,1.063255936,0.0014698329999999994,0.7217876480000001,0.0009004169999999988,0.1,0.03,0.06,0.09,0.11,6.46,10
ascii_art,Google,Gemini 2.0 Pro Experimental,2-few_shot,5,1,209,1,6,1,1,11,24,4.47589874267578e-06,2.33999252319336e-06,5.19121885299683e-06,2.93572902679443e-06,6.50558948516846e-06,0.443300634,0.0008343330000000005,0.23520672000000004,0.0002321249999999997,0.516265024,0.0010774999999999995,0.28888780800000013,0.0007036250000000011,0.64604544,0.0009260420000000002,0.14,0.03,0.06,0.06,0.08,9.11,10
ascii_art,OpenAI,o3-mini-high,2-few_shot,6,1,238,1,7,1,1,7,28,4.55386161804199e-06,2.74504899978638e-06,5.4712986946106e-06,4.9695897102356e-06,6.72955989837646e-06,0.45201633199999997,0.0009378749999999995,0.243344,0.00030862499999999987,0.503626176,0.0006194580000000007,0.49961894399999984,0.000715625000000001,0.677127424,0.0006959160000000013,0.12,0.05,0.06,0.08,0.08,9.66,10
ascii_art,Anthropic,Claude 3.7 Sonnet,2-few_shot,6,1,271,1,6,1,1,11,24,1.97077989578247e-06,1.10367059707642e-06,5.46725034713745e-06,9.9105978012085e-06,7.46104955673218e-06,0.20439279200000002,0.0003644579999999998,0.11114148800000001,9.841699999999995e-05,0.545486304,0.0012777500000000002,0.9848311040000001,0.0014987920000000005,0.7439107840000001,0.0011331250000000005,0.09,0.0,0.06,0.09,0.09,6.07,10
ascii_art,Google,Gemini 2.0 Pro Experimental,2-few_shot,6,1,173,1,6,1,1,11,24,1.18941068649292e-06,6.9920063018799e-07,5.19660711288452e-06,2.58564233779907e-06,,0.11889700399999999,0.00025220899999999977,0.07113896,9.720800000000054e-05,0.518444976,0.0008426660000000006,0.25740384000000005,0.0003290000000000003,,,0.06,0.0,0.06,0.05,,9.12,10
ascii_art,OpenAI,o3-mini-high,2-few_shot,7,1,255,1,8,1,1,6,29,4.51696157455444e-06,2.49968767166138e-06,5.59870004653931e-06,4.94821310043335e-06,7.23998069763184e-06,0.48172129999999996,0.0031541669999999994,0.257474368,0.0009513749999999991,0.573012864,0.0035810830000000005,0.49404928000000004,0.0008378759999999978,0.7385968639999998,0.0008956240000000011,0.14,0.06,0.06,0.08,0.09,9.51,10
ascii_art,Anthropic,Claude 3.7 Sonnet,2-few_shot,7,1,212,1,6,1,1,11,24,1.96000814437866e-06,1.07825040817261e-06,5.17029285430908e-06,6.72423124313354e-06,6.57311916351318e-06,0.19778884200000002,0.00029762500000000015,0.11016464000000001,0.0004217919999999998,0.5201617919999999,0.000924625000000001,0.67397952,0.0010852919999999999,0.6571909119999999,0.0014355419999999997,0.06,0.03,0.06,0.08,0.08,5.89,10
ascii_art,Google,Gemini 2.0 Pro Experimental,2-few_shot,7,1,192,1,6,1,1,11,24,9.59507942199707e-06,5.09821891784668e-06,8.11827898025513e-06,5.14550924301147e-06,1.052494049072266e-05,0.912616672,0.012305708999999998,0.5073599999999999,0.0009955399999999996,0.8339560960000001,0.0026236680000000026,0.5070456320000001,0.006666999999999999,0.908092672,0.019152292,0.2,0.12,0.13,0.12,0.14,5.12,10
ascii_art,OpenAI,o3-mini-high,2-few_shot,8,1,229,1,7,1,1,6,29,4.5605993270874e-06,2.65124797821045e-06,5.30553102493286e-06,5.29071092605591e-06,6.8138599395752e-06,0.455775724,0.005476750000000001,0.245566112,0.0036628320000000013,0.507958336,0.005771499999999999,0.518274688,0.007405249999999999,0.6598165759999999,0.009217917999999999,0.1,0.03,0.06,0.08,0.09,9.88,10
ascii_art,Anthropic,Claude 3.7 Sonnet,2-few_shot,8,1,235,1,6,1,1,11,24,4.57216024398804e-06,2.37521886825562e-06,5.25591850280762e-06,9.59019899368286e-06,1.032037734985352e-05,0.446615926,0.007038584,0.23646796800000003,0.003752166999999999,0.5193748479999999,0.008445836000000002,0.9769438719999999,0.01277996,0.669452288,0.008993459999999995,0.14,0.03,0.06,0.08,0.08,8.09,10
ascii_art,Google,Gemini 2.0 Pro Experimental,2-few_shot,8,1,178,1,6,0,1,11,24,4.54461812973022e-06,2.41416931152344e-06,5.27127027511597e-06,,6.703782081604e-06,0.450442704,0.0064572499999999994,0.23809840000000004,0.003221418000000002,0.5199582720000001,0.007225791999999998,,,0.6542315519999999,0.009114249999999997,0.09,0.06,0.06,,0.08,9.35,10
ascii_art,OpenAI,o3-mini-high,2-few_shot,9,1,251,1,7,1,1,7,28,4.49873924255371e-06,2.49642848968506e-06,5.21638154983521e-06,9.73855972290039e-06,6.92438125610352e-06,0.442268418,0.0008490420000000004,0.24335420800000002,0.00028162499999999976,0.5032672639999999,0.000622208,0.96371392,0.0014941669999999994,0.6966497280000001,0.0008699169999999996,0.14,0.03,0.06,0.11,0.09,9.77,10
ascii_art,Anthropic,Claude 3.7 Sonnet,2-few_shot,9,1,198,1,6,1,1,11,24,1.18266820907593e-06,6.7954063415527e-07,5.67429065704346e-06,5.64006090164185e-06,6.6291880607605e-06,0.116749956,0.0002472500000000001,0.06867870400000001,0.00010175000000000028,0.546988272,0.0008168749999999999,0.556094976,0.0009684999999999997,0.6562287360000001,0.0016565,0.06,0.0,0.08,0.08,0.09,5.59,10
ascii_art,Google,Gemini 2.0 Pro Experimental,2-few_shot,9,1,195,1,6,1,1,11,24,1.22638940811157e-06,6.6843271255493e-07,5.32854080200195e-06,,6.13976240158081e-06,0.12343054800000001,0.0003099999999999995,0.068535664,5.216699999999967e-05,0.52405384,0.0008878749999999998,,,0.6205183360000001,0.0007496669999999999,0.06,0.02,0.06,,0.08,9.41,10
ascii_art,OpenAI,o3-mini-high,2-few_shot,10,1,236,1,7,1,1,7,28,2.01495170593262e-06,1.13564014434814e-06,5.45817136764526e-06,6.96335077285767e-06,6.6541600227356e-06,0.195207658,0.0003077920000000003,0.11540867200000002,0.0001586249999999999,0.52172896,0.0006750829999999999,0.6710570239999999,0.0009291659999999986,0.641768192,0.0010639159999999998,0.08,0.03,0.06,0.1,0.1,9.79,10
ascii_art,Anthropic,Claude 3.7 Sonnet,2-few_shot,10,1,212,1,6,1,1,11,24,2.02219009399414e-06,1.10036849975586e-06,5.33558130264282e-06,6.48335933685303e-06,7.14124202728271e-06,0.195900538,0.000353791,0.111544576,0.00023958400000000015,0.523220608,0.0007655830000000002,0.6503112959999999,0.0011457919999999996,0.7220193279999998,0.001085084,0.08,0.03,0.06,0.06,0.08,6.29,10
ascii_art,Google,Gemini 2.0 Pro Experimental,2-few_shot,10,1,178,1,7,1,1,11,24,4.48060274124145e-06,2.34844923019409e-06,5.16597986221313e-06,,6.45288944244385e-06,0.442042672,0.0009827499999999992,0.23295267199999997,0.000294875,0.5125587199999999,0.0005895420000000011,,,0.6476704,0.001013624999999999,0.12,0.03,0.06,,0.08,9.14,10
ascii_art,OpenAI,o3-mini-high,3-chain_of_thoughts-zero_shot,1,1,263,1,8,1,1,11,24,3.48973989486694e-06,2.03488111495972e-06,5.8007287979126e-06,7.01247215270996e-06,6.39365911483765e-06,0.355056916,0.00014250000000000027,0.19851289599999994,6.320899999999983e-05,0.5327063679999999,0.0013883330000000003,0.709218304,0.0013451669999999995,0.6471997439999999,0.00034816600000000045,0.09,0.03,0.06,0.08,0.08,9.8,10
ascii_art,Anthropic,Claude 3.7 Sonnet,3-chain_of_thoughts-zero_shot,1,1,209,1,6,1,1,11,24,1.9667387008667e-06,1.10513925552368e-06,5.16452074050903e-06,9.37978029251099e-06,6.45478248596191e-06,0.19985774399999998,0.0001102500000000001,0.11061867199999997,3.433300000000011e-05,0.512478464,0.00022391700000000056,0.964609344,0.0010889580000000001,0.6622695680000001,0.0009046670000000005,0.06,0.03,0.06,0.08,0.1,6.34,10
ascii_art,Google,Gemini 2.0 Pro Experimental,3-chain_of_thoughts-zero_shot,1,1,166,1,6,0,1,11,24,1.18419885635376e-06,7.0332765579224e-07,5.12936115264893e-06,5.1805591583252e-06,6.19815349578857e-06,0.11819149200000001,0.00034045899999999955,0.07219207999999999,6.433399999999923e-05,0.5169663200000001,0.0007350000000000004,0.5535352319999999,0.023916333,0.6203105280000001,0.0003225820000000018,0.06,0.03,0.06,0.19,0.08,9.14,10
ascii_art,OpenAI,o3-mini-high,3-chain_of_thoughts-zero_shot,2,1,237,1,7,1,1,7,28,4.48039293289185e-06,2.65106916427612e-06,5.36243915557861e-06,5.32016038894653e-06,6.35780096054077e-06,0.444120914,0.004018333,0.24409222399999997,0.002076874999999999,0.517433472,0.004082626000000001,0.5201934079999999,0.002915791999999997,0.6336366080000002,0.004637374,0.12,0.03,0.07,0.09,0.08,9.43,10
ascii_art,Anthropic,Claude 3.7 Sonnet,3-chain_of_thoughts-zero_shot,2,1,197,1,6,1,1,11,24,1.25820159912109e-06,7.9079151153564e-07,5.24450778961182e-06,6.68042898178101e-06,6.42458915710449e-06,0.12794750000000002,0.0010870839999999994,0.08039142400000002,0.0006726670000000001,0.520183888,0.002278083,0.669768192,0.003357334,0.636546048,0.0011162079999999987,0.06,0.03,0.06,0.08,0.09,6.17,10
ascii_art,Google,Gemini 2.0 Pro Experimental,3-chain_of_thoughts-zero_shot,2,1,313,4,23,0,1,7,28,4.3402910232544e-07,3.8995981216431e-07,5.16987800598145e-06,,6.493821144104e-06,0.04458654199999999,0.00013129200000000073,0.04058600400000001,0.00019716699999999983,0.533874944,0.0015369170000000005,,,0.655668992,0.0010211250000000003,0.01,0.0,0.06,,0.09,8.31,10
ascii_art,OpenAI,o3-mini-high,3-chain_of_thoughts-zero_shot,3,1,231,1,7,1,1,7,28,4.47967052459717e-06,2.49195098876953e-06,5.49319982528687e-06,9.07120943069458e-06,6.5209698677063e-06,0.44191050800000004,0.0006239169999999999,0.23921497600000002,0.000692458,0.5268803200000001,0.001068833,0.9166018560000002,0.001963208000000001,0.6517593599999998,0.0011948749999999998,0.17,0.06,0.06,0.08,0.09,8.49,10
ascii_art,Anthropic,Claude 3.7 Sonnet,3-chain_of_thoughts-zero_shot,3,1,247,1,6,1,0,11,24,4.47021245956421e-06,2.36624956130981e-06,4.93757963180542e-06,6.82509183883667e-06,6.88715696334839e-06,0.44125513800000005,0.0006140830000000005,0.23657558399999995,0.0005560419999999996,0.4883735039999999,0.000862041,0.6743678719999999,0.000736291,0.6909315840000001,0.0008800830000000003,0.17,0.05,0.06,0.06,0.09,6.74,10
ascii_art,Google,Gemini 2.0 Pro Experimental,3-chain_of_thoughts-zero_shot,3,1,192,1,8,0,1,11,24,5.9245824813843e-07,4.6333789825439e-07,8.15699815750122e-06,8.60352039337158e-06,9.32120084762573e-06,0.058519954,0.0001750409999999999,0.046433376,4.170900000000002e-05,0.819588872,0.00166775,0.8862563200000001,0.001965125,0.925975424,0.00136675,0.04,0.0,0.12,0.12,0.19,8.29,10
ascii_art,OpenAI,o3-mini-high,3-chain_of_thoughts-zero_shot,4,1,183,1,7,0,1,6,29,4.48200941085815e-06,2.48595952987671e-06,5.5132794380188e-06,5.20665884017944e-06,9.21917915344238e-06,0.45035134400000004,0.0012387919999999998,0.24240041600000006,0.0008034999999999995,0.5242470399999999,0.0009167919999999996,0.505150848,0.001053041000000001,0.7131901439999997,0.0010245409999999986,0.16,0.05,0.09,0.08,0.1,9.84,10
ascii_art,Anthropic,Claude 3.7 Sonnet,3-chain_of_thoughts-zero_shot,4,1,254,1,6,1,1,11,24,1.95725917816162e-06,1.10053777694702e-06,5.17192363739014e-06,6.81950092315674e-06,6.85683012008667e-06,0.201677542,0.0003368749999999995,0.111434544,0.00011379200000000058,0.5156189120000001,0.0008647500000000009,0.6752827520000001,0.0008163330000000007,0.6887595519999998,0.0010725839999999997,0.09,0.03,0.08,0.09,0.11,7.02,10
ascii_art,Google,Gemini 2.0 Pro Experimental,3-chain_of_thoughts-zero_shot,4,1,180,1,6,0,1,11,24,4.46656942367554e-06,2.361159324646e-06,5.15975952148438e-06,2.9643702507019e-06,6.52865886688232e-06,0.448044548,0.0006910000000000006,0.23814905599999997,0.0012201249999999999,0.5094057599999999,0.0011326670000000004,0.298033024,0.00047587499999999887,0.6503293440000002,0.0012184589999999999,0.14,0.05,0.06,0.06,0.11,9.15,10
ascii_art,OpenAI,o3-mini-high,3-chain_of_thoughts-zero_shot,5,1,186,1,8,0,1,9,26,1.93660020828247e-06,1.11838340759277e-06,5.4658031463623e-06,7.02046871185303e-06,9.66059923171997e-06,0.199237088,0.00047766599999999985,0.112413344,0.0001428330000000002,0.523639872,0.0009447500000000003,0.711214144,0.000765291999999999,0.94106752,0.001338790999999999,0.14,0.05,0.08,0.08,0.11,9.86,10
ascii_art,Anthropic,Claude 3.7 Sonnet,3-chain_of_thoughts-zero_shot,5,1,271,1,7,1,1,11,24,1.96961879730225e-06,1.08198165893555e-06,5.14380693435669e-06,6.00956916809082e-06,6.47454977035522e-06,0.197558128,0.0003427499999999993,0.11128940799999998,0.00010345900000000019,0.550334592,0.016681625000000002,0.594861184,0.0014510819999999994,0.646948224,0.0008104160000000013,0.09,0.06,0.11,0.09,0.11,5.17,10
ascii_art,Google,Gemini 2.0 Pro Experimental,3-chain_of_thoughts-zero_shot,5,1,135,1,6,0,1,11,24,1.15272283554077e-06,6.8330049514771e-07,5.12943744659424e-06,,6.19211673736572e-06,0.11710033199999999,0.0002293340000000003,0.068597456,0.00010904100000000069,0.509797552,0.0008370419999999996,,,0.6216716160000001,0.0012201250000000007,0.06,0.03,0.08,,0.12,9.25,10
ascii_art,OpenAI,o3-mini-high,3-chain_of_thoughts-zero_shot,6,1,200,1,7,0,1,7,28,4.54977035522461e-06,2.59773969650269e-06,5.65029859542847e-06,9.17478084564209e-06,6.48454904556274e-06,0.439113872,0.0006045,0.24261145599999995,0.0004192079999999999,0.5286650879999999,0.000831292,0.9299994880000002,0.0015449169999999998,0.6610391039999999,0.0016618750000000002,0.14,0.06,0.09,0.09,0.08,9.84,10
ascii_art,Anthropic,Claude 3.7 Sonnet,3-chain_of_thoughts-zero_shot,6,1,231,1,6,1,1,11,24,2.00747013092041e-06,1.1870002746582e-06,5.27997255325317e-06,8.96177053451538e-06,6.60624265670776e-06,0.20260140999999998,0.00042954199999999977,0.11908067199999997,0.00016037499999999993,0.5237202240000001,0.0009497920000000005,0.893278016,0.0010575410000000004,0.6534423040000001,0.001089708,0.06,0.03,0.06,0.09,0.08,7.1,10
ascii_art,Google,Gemini 2.0 Pro Experimental,3-chain_of_thoughts-zero_shot,6,1,165,1,6,0,1,14,21,4.52669143676758e-06,,,,6.29351854324341e-06,0.46078974,0.0006712079999999995,,,,,,,0.6294791679999999,0.0011043750000000003,0.11,,,,0.08,8.08,10
ascii_art,OpenAI,o3-mini-high,3-chain_of_thoughts-zero_shot,7,1,169,1,7,0,1,11,24,1.98479890823364e-06,1.14256143569946e-06,5.44878005981445e-06,5.30709981918335e-06,6.81056976318359e-06,0.199618624,0.0005525410000000001,0.116550976,0.00018595799999999996,0.5267932479999999,0.0017590000000000001,0.5107088,0.0006303329999999985,0.6643507200000001,0.0008887090000000014,0.06,0.0,0.06,0.06,0.08,9.41,10
ascii_art,Anthropic,Claude 3.7 Sonnet,3-chain_of_thoughts-zero_shot,7,1,234,1,6,1,0,11,24,1.94502830505371e-06,1.09757900238037e-06,5.32758951187134e-06,9.3544602394104e-06,6.59708023071289e-06,0.19361757999999998,0.0002986660000000004,0.10838996799999998,0.00016158399999999934,0.525502848,0.0012344999999999995,0.9608382080000001,0.001435124999999999,0.6613066240000001,0.0006721660000000001,0.06,0.0,0.06,0.09,0.08,6.99,10
ascii_art,Google,Gemini 2.0 Pro Experimental,3-chain_of_thoughts-zero_shot,7,1,174,1,6,0,1,13,22,3.6838054656982e-07,3.8984298706055e-07,7.55727767944336e-06,,1.01429009437561e-05,0.038422665999999994,0.00010029200000000009,0.039313379999999995,0.0003116249999999994,0.817293104,0.0018830829999999998,,,0.974495424,0.0016909160000000006,0.0,0.0,0.13,,0.18,9.67,10
ascii_art,OpenAI,o3-mini-high,3-chain_of_thoughts-zero_shot,8,1,212,1,8,1,1,7,28,4.48716640472412e-06,2.47325897216797e-06,5.16126871109009e-06,7.63583898544312e-06,6.60215139389038e-06,0.442414376,0.0006589999999999999,0.24418195200000004,0.0005597090000000002,0.49652704000000003,0.0006940000000000002,0.7740259839999999,0.0011737499999999994,0.6611845120000002,0.0014054589999999995,0.16,0.06,0.06,0.06,0.09,9.78,10
ascii_art,Anthropic,Claude 3.7 Sonnet,3-chain_of_thoughts-zero_shot,8,1,188,1,6,1,1,11,24,4.7995924949646e-06,2.50915050506592e-06,5.09190320968628e-06,8.89258861541748e-06,6.48221969604492e-06,0.481992382,0.0013409170000000005,0.256338496,0.0007071250000000003,0.5154292480000001,0.0007794589999999997,0.897269504,0.0013434999999999992,0.6494545919999997,0.0015351659999999993,0.16,0.06,0.09,0.09,0.11,6.5,10
ascii_art,Google,Gemini 2.0 Pro Experimental,3-chain_of_thoughts-zero_shot,8,1,216,2,17,0,1,11,24,1.32293224334717e-06,8.6065769195557e-07,5.34351825714111e-06,3.14623117446899e-06,6.61041975021362e-06,0.132788174,0.0002752079999999999,0.087060576,8.954199999999975e-05,0.5276495999999999,0.0009507919999999998,0.313181952,0.00038287500000000127,0.6621080319999999,0.0009482499999999994,0.06,0.0,0.09,0.06,0.11,5.21,10
ascii_art,OpenAI,o3-mini-high,3-chain_of_thoughts-zero_shot,9,1,255,1,7,1,1,11,24,4.46614027023315e-06,4.51087236404419e-06,5.26811122894287e-06,1.317500829696655e-05,6.31680011749268e-06,0.439548612,0.0008696659999999998,0.23778790400000005,0.0007081669999999991,0.49860268799999996,0.000708832999999999,1.3098301440000002,0.002653041,0.633987072,0.0016717079999999992,0.14,0.06,0.06,0.12,0.08,9.89,10
ascii_art,Anthropic,Claude 3.7 Sonnet,3-chain_of_thoughts-zero_shot,9,1,199,1,6,1,1,11,24,1.93153858184814e-06,1.07277154922485e-06,5.16540765762329e-06,9.70189809799194e-06,6.89743041992187e-06,0.195422742,0.00030966700000000045,0.10913436800000001,0.00013141599999999965,0.511856384,0.0009356669999999994,1.013204928,0.001438,0.6910131199999998,0.0008249590000000001,0.06,0.03,0.06,0.09,0.09,6.03,10
ascii_art,Google,Gemini 2.0 Pro Experimental,3-chain_of_thoughts-zero_shot,9,1,142,1,6,0,1,13,22,4.34969902038574e-06,2.30581045150757e-06,5.09298801422119e-06,2.61322975158691e-06,7.49319076538086e-06,0.43307608400000003,0.0005428340000000007,0.23044464000000003,0.0006141669999999997,0.5021279999999999,0.0007282499999999989,0.25071065599999987,0.00038400000000000066,0.7333281279999999,0.0018922499999999998,0.1,0.05,0.06,0.03,0.06,9.44,10
ascii_art,OpenAI,o3-mini-high,3-chain_of_thoughts-zero_shot,10,1,251,1,7,3,1,9,26,6.234130859375e-06,2.48864889144897e-06,4.90512847900391e-06,6.52288913726807e-06,9.51095819473267e-06,0.439264498,0.0010303330000000005,0.241266272,0.0007414999999999991,0.50014944,0.0012931669999999996,0.6604934400000002,0.0009979999999999989,0.9382324479999999,0.0015170419999999997,0.14,0.06,0.06,0.12,0.09,10.0,10
ascii_art,Anthropic,Claude 3.7 Sonnet,3-chain_of_thoughts-zero_shot,10,1,247,1,6,1,1,11,24,2.08066940307617e-06,1.09537124633789e-06,4.97871875762939e-06,9.54909801483154e-06,6.61439895629883e-06,0.214589784,0.000352125,0.10845695999999996,8.945799999999973e-05,0.51980656,0.0010785409999999997,0.9396376320000001,0.0014620410000000007,0.6626630399999998,0.0013072500000000011,0.1,0.04,0.06,0.1,0.1,6.57,10
ascii_art,Google,Gemini 2.0 Pro Experimental,3-chain_of_thoughts-zero_shot,10,1,201,1,6,0,1,11,24,9.5232105255127e-06,4.99608039855957e-06,8.04076194763184e-06,,8.74250888824463e-06,0.93431498,0.0021472920000000003,0.4773486720000001,0.0007810419999999992,0.754152704,0.0015546250000000005,,,0.8598389759999998,0.0014282500000000007,0.2,0.13,0.18,,0.12,8.62,10
ascii_art,OpenAI,o3-mini-high,4-chain_of_thoughts-few_shot,1,1,198,1,7,0,1,9,26,4.94590044021606e-06,2.55223989486694e-06,5.62801361083984e-06,1.14042592048645e-05,7.94807195663452e-06,0.43953042,0.0006062919999999996,0.239080576,0.00032141700000000006,0.5259920639999999,0.0008544579999999998,1.1579205120000002,0.001737542,0.7767170560000003,0.0017360829999999994,0.16,0.06,0.06,0.09,0.08,8.91,10
ascii_art,Anthropic,Claude 3.7 Sonnet,4-chain_of_thoughts-few_shot,1,1,198,1,6,1,1,11,24,1.99171781539917e-06,1.09569072723389e-06,5.45821905136108e-06,5.6010890007019e-06,6.70308113098145e-06,0.19577916,0.000563834,0.11258985600000002,0.00010879199999999992,0.5498016960000001,0.0007570419999999994,0.5598480640000001,0.0006064169999999997,0.669079296,0.0008430839999999992,0.08,0.03,0.06,0.07,0.08,6.13,10
ascii_art,Google,Gemini 2.0 Pro Experimental,4-chain_of_thoughts-few_shot,1,1,319,2,12,0,1,13,22,9.61205005645752e-06,5.01233816146851e-06,7.65742063522339e-06,,1.034911870956421e-05,0.9269931020000001,0.001671291,0.498276928,0.0009684590000000014,0.803089408,0.0014386670000000011,,,1.0279093759999998,0.002503291999999999,0.23,0.15,0.15,,0.17,9.11,10
ascii_art,OpenAI,o3-mini-high,4-chain_of_thoughts-few_shot,2,1,215,1,7,1,1,6,29,4.4731879234314e-06,4.65840101242065e-06,5.57030916213989e-06,5.24876117706299e-06,6.38708114624023e-06,0.459603586,0.0018139999999999996,0.24238243199999998,0.0001709169999999996,0.535444352,0.0007639169999999994,0.5072826879999999,0.0005263749999999991,0.6445464320000001,0.0008772500000000013,0.16,0.08,0.08,0.05,0.09,9.77,10
ascii_art,Anthropic,Claude 3.7 Sonnet,4-chain_of_thoughts-few_shot,2,1,216,1,6,1,1,11,24,1.18070125579834e-06,6.9178104400635e-07,5.14278888702393e-06,1.134796142578125e-05,6.21515035629272e-06,0.117196908,0.00022479200000000057,0.070300416,6.908300000000017e-05,0.5054383840000001,0.0009174589999999998,0.9607061760000001,0.0015271670000000003,0.6270064639999999,0.002096707999999999,0.06,0.02,0.08,0.1,0.12,6.75,10
ascii_art,Google,Gemini 2.0 Pro Experimental,4-chain_of_thoughts-few_shot,2,1,218,1,6,0,1,11,24,9.6074104309082e-06,4.89977836608887e-06,8.07689905166626e-06,4.94111061096191e-06,9.24188852310181e-06,0.960606794,0.0018107500000000007,0.5022686719999999,0.001207792000000001,0.8199048959999999,0.0009184580000000005,0.5053754879999999,0.0008593750000000008,0.9286277119999999,0.0014294159999999993,0.24,0.12,0.16,0.12,0.15,8.81,10
ascii_art,OpenAI,o3-mini-high,4-chain_of_thoughts-few_shot,3,1,217,1,7,1,1,9,26,6.72156095504761e-06,2.50339031219482e-06,5.60501098632812e-06,1.389575958251953e-05,9.64897155761719e-06,0.447587012,0.0010162500000000007,0.24228137600000005,0.0007055000000000004,0.528441664,0.0006125409999999994,1.4069626880000001,0.00276125,0.9378437120000003,0.0013939999999999994,0.14,0.03,0.06,0.09,0.09,9.77,10
ascii_art,Anthropic,Claude 3.7 Sonnet,4-chain_of_thoughts-few_shot,3,1,249,1,6,1,1,11,24,1.22722148895264e-06,7.6029062271118e-07,5.23903131484985e-06,6.2228512763977e-06,6.94069147109985e-06,0.12222712399999999,0.0002548339999999998,0.07641249600000002,0.00011537500000000003,0.52186632,0.0008904580000000002,0.609342464,0.0011377919999999994,0.6906095359999997,0.0010139159999999984,0.06,0.03,0.06,0.07,0.08,6.31,10
ascii_art,Google,Gemini 2.0 Pro Experimental,4-chain_of_thoughts-few_shot,3,1,216,3,12,0,1,13,22,4.41851139068604e-06,2.33417987823486e-06,5.05522012710571e-06,,7.11590051651001e-06,0.44093254800000004,0.0008591660000000006,0.230347264,0.0005173749999999996,0.5087345280000001,0.0007274160000000007,,,0.717563392,0.0014039169999999993,0.14,0.06,0.08,,0.06,6.67,10
ascii_art,OpenAI,o3-mini-high,4-chain_of_thoughts-few_shot,4,1,184,1,7,0,1,7,28,4.58517074584961e-06,2.48435974121094e-06,5.54847955703735e-06,4.85608339309692e-06,6.28880977630615e-06,0.439073484,0.0005277910000000005,0.243683264,0.0007829999999999998,0.5258864639999999,0.000717833000000001,0.48615743999999994,0.0005345829999999999,0.638738944,0.0010755,0.14,0.04,0.06,0.08,0.09,9.83,10
ascii_art,Anthropic,Claude 3.7 Sonnet,4-chain_of_thoughts-few_shot,4,1,227,1,6,1,1,11,24,1.91018104553223e-06,1.0520601272583e-06,5.39505243301392e-06,6.60598993301392e-06,6.35765075683594e-06,0.191115166,0.0003190420000000003,0.10911353600000001,0.0005246670000000004,0.534948544,0.004557833,0.6749931519999999,0.001300041,0.6306618880000001,0.0001311249999999993,0.06,0.03,0.08,0.11,0.09,6.55,10
ascii_art,Google,Gemini 2.0 Pro Experimental,4-chain_of_thoughts-few_shot,4,1,179,1,6,0,1,18,17,9.964759349823e-06,,,,1.050562620162964e-05,0.981497938,0.001074709,,,,,,,1.0306813440000002,0.0018087090000000004,0.27,,,,0.18,9.56,10
ascii_art,OpenAI,o3-mini-high,4-chain_of_thoughts-few_shot,5,1,205,1,7,0,1,7,28,3.5171103477478e-06,4.03373718261719e-06,5.72196006774902e-06,1.358860731124878e-05,6.46874666213989e-06,0.357106584,0.0008271670000000002,0.19931484800000004,0.00036645800000000006,0.5441000960000001,0.0013610419999999998,1.348144384,0.0017837499999999989,0.655220736,0.0011561660000000001,0.09,0.03,0.06,0.08,0.08,9.7,10
ascii_art,Anthropic,Claude 3.7 Sonnet,4-chain_of_thoughts-few_shot,5,1,230,1,6,1,1,11,24,1.21502161026001e-06,7.328987121582e-07,3.55763912200928e-06,1.028639793395996e-05,6.44097566604614e-06,0.12019411799999999,0.00018295799999999956,0.07339937599999999,6.370900000000033e-05,0.374098288,0.004410625,1.0424115840000001,0.004353791000000001,0.6641818879999999,0.0018360400000000006,0.12,0.05,0.06,0.07,0.11,6.4,10
ascii_art,Google,Gemini 2.0 Pro Experimental,4-chain_of_thoughts-few_shot,5,1,149,1,6,0,1,11,24,1.18908882141113e-06,6.9726228713989e-07,5.19203186035156e-06,2.57735967636108e-06,6.18622064590454e-06,0.11834370400000001,0.0002157499999999998,0.07100308799999999,9.27920000000004e-05,0.512698928,0.0008568339999999999,0.2568722560000001,0.0004697080000000001,0.612877248,0.000993125000000001,0.06,0.03,0.06,0.06,0.1,9.65,10
ascii_art,OpenAI,o3-mini-high,4-chain_of_thoughts-few_shot,6,1,223,1,7,1,1,7,28,4.44479942321777e-06,2.48389005661011e-06,5.23812770843506e-06,4.45013999938965e-06,6.26105070114136e-06,0.43872462,0.0005966249999999999,0.24092537599999997,0.0006081670000000006,0.4923427840000001,0.0005769999999999994,0.44145535999999996,0.0005175830000000003,0.6213167359999998,0.001161500000000001,0.16,0.06,0.06,0.06,0.08,9.54,10
ascii_art,Anthropic,Claude 3.7 Sonnet,4-chain_of_thoughts-few_shot,6,1,226,1,6,1,1,11,24,1.17428064346313e-06,6.7627906799316e-07,5.25765180587769e-06,6.68143033981323e-06,6.51856899261475e-06,0.119095958,0.0004341249999999996,0.06908392,8.720800000000008e-05,0.5083963039999999,0.0014026249999999994,0.663163328,0.0008556250000000005,0.641929728,0.0010159999999999995,0.06,0.03,0.07,0.06,0.09,7.55,10
ascii_art,Google,Gemini 2.0 Pro Experimental,4-chain_of_thoughts-few_shot,6,1,154,1,6,0,0,15,20,1.17998838424683e-06,7.1191072463989e-07,5.09724855422974e-06,,6.11762046813965e-06,0.11868033000000001,0.00020279199999999938,0.071639328,4.520900000000005e-05,0.516285168,0.0010058330000000002,,,0.6135887360000001,0.0008826250000000006,0.09,0.03,0.06,,0.11,8.47,10
ascii_art,OpenAI,o3-mini-high,4-chain_of_thoughts-few_shot,7,1,199,1,8,0,1,9,26,4.50985908508301e-06,2.72660970687866e-06,5.50055027008057e-06,5.52469968795776e-06,9.67746019363403e-06,0.444304738,0.0005465000000000001,0.24446243199999995,0.00044495799999999964,0.5357313279999999,0.001195041,0.5319297279999999,0.001522665999999999,0.9534737919999998,0.0016462499999999984,0.17,0.08,0.1,0.1,0.11,9.86,10
ascii_art,Anthropic,Claude 3.7 Sonnet,4-chain_of_thoughts-few_shot,7,1,231,1,6,1,1,11,24,1.9536280632019e-06,1.10692739486694e-06,5.27733087539673e-06,8.88356924057007e-06,6.66574001312256e-06,0.19487158400000001,0.00034275000000000017,0.11090654400000002,0.00012483399999999988,0.528116352,0.0010065830000000001,0.893896576,0.0012517910000000004,0.6674152959999999,0.0010257919999999993,0.09,0.05,0.09,0.11,0.09,6.96,10
ascii_art,Google,Gemini 2.0 Pro Experimental,4-chain_of_thoughts-few_shot,7,1,119,1,6,0,1,11,24,4.41245079040527e-06,2.36556053161621e-06,5.09867906570435e-06,,6.18335962295532e-06,0.441024098,0.0006255419999999998,0.235099232,0.0004879999999999997,0.5097887360000001,0.0008869170000000001,,,0.6210901759999998,0.0018432080000000007,0.16,0.07,0.11,,0.12,9.76,10
ascii_art,OpenAI,o3-mini-high,4-chain_of_thoughts-few_shot,8,1,243,1,6,1,1,13,22,1.96683883666992e-06,1.08980894088745e-06,5.42541027069092e-06,5.86961269378662e-06,6.27138137817383e-06,0.193731878,0.0003094999999999999,0.11033062400000002,9.104200000000038e-05,0.525023136,0.0012113330000000002,0.581421056,0.0008116659999999991,0.5922986239999999,0.0011484170000000005,0.12,0.03,0.1,0.11,0.06,9.49,10
ascii_art,Anthropic,Claude 3.7 Sonnet,4-chain_of_thoughts-few_shot,8,1,189,1,6,1,1,11,24,1.92231893539429e-06,1.05077028274536e-06,5.19869089126587e-06,6.14614009857178e-06,6.33364200592041e-06,0.19428778400000002,0.00028183299999999956,0.10617387200000003,0.00012279200000000004,0.522321504,0.0008936669999999999,0.6092184319999999,0.0007136669999999994,0.6343260159999999,0.001639583,0.09,0.05,0.08,0.08,0.08,6.14,10
ascii_art,Google,Gemini 2.0 Pro Experimental,4-chain_of_thoughts-few_shot,8,1,171,1,6,0,1,11,24,3.9925098419189e-07,3.2891988754272e-07,7.78756856918335e-06,,8.91849994659424e-06,0.041840918000000005,0.0001995829999999997,0.033194464,0.0001411670000000002,0.8243147439999999,0.0012820419999999989,,,0.8809390079999999,0.0016009170000000003,0.03,0.0,0.19,,0.19,9.25,10
ascii_art,OpenAI,o3-mini-high,4-chain_of_thoughts-few_shot,9,1,219,1,7,1,1,7,28,4.4766902923584e-06,2.55337953567505e-06,5.19227266311646e-06,1.120987892150879e-05,6.49483919143677e-06,0.43601438,0.0006234580000000003,0.23809583999999995,0.0004426250000000003,0.49894905599999995,0.0012687080000000003,1.0878563839999997,0.002091000000000001,0.645279232,0.0012807080000000002,0.18,0.05,0.06,0.09,0.09,9.79,10
ascii_art,Anthropic,Claude 3.7 Sonnet,4-chain_of_thoughts-few_shot,9,1,235,1,6,1,1,11,24,1.96198225021362e-06,1.07017993927002e-06,5.20948886871338e-06,9.27276849746704e-06,6.63104772567749e-06,0.19130075,0.00047629200000000056,0.10516257600000001,0.00012200000000000058,0.5207130879999999,0.0009397909999999997,0.94644416,0.0012300830000000016,0.660112512,0.0011385000000000006,0.09,0.03,0.06,0.09,0.09,6.26,10
ascii_art,Google,Gemini 2.0 Pro Experimental,4-chain_of_thoughts-few_shot,9,1,127,1,6,0,1,11,24,4.39496040344238e-06,2.34055995941162e-06,5.08332967758179e-06,6.56138896942139e-06,6.52667999267578e-06,0.439870544,0.001369375,0.23624320000000004,0.0006415420000000002,0.545440448,0.012995459000000001,0.6519590400000002,0.0013273339999999995,0.641110656,0.001018208000000003,0.14,0.05,0.06,0.09,0.08,9.77,10
ascii_art,OpenAI,o3-mini-high,4-chain_of_thoughts-few_shot,10,1,235,1,7,1,1,6,29,4.50788259506226e-06,2.49660968780518e-06,5.53056955337524e-06,5.16390085220337e-06,6.54860019683838e-06,0.44089674,0.0007186250000000005,0.24146409599999996,0.000517333,0.5272897919999999,0.0009239170000000007,0.5261035520000001,0.011169500000000002,0.6486754560000001,0.0011328319999999968,0.16,0.05,0.09,0.11,0.08,8.61,10
ascii_art,Anthropic,Claude 3.7 Sonnet,4-chain_of_thoughts-few_shot,10,1,217,1,6,1,1,11,24,1.2869668006897e-06,8.0856084823608e-07,3.86023998260498e-06,6.00486278533936e-06,7.11554050445557e-06,0.12748433599999998,0.00018941699999999988,0.07957862400000001,0.00022366699999999944,0.359659376,0.0006929170000000004,0.5996932479999999,0.0009878749999999992,0.714397824,0.0010668329999999997,0.06,0.02,0.08,0.08,0.08,6.51,10
ascii_art,Google,Gemini 2.0 Pro Experimental,4-chain_of_thoughts-few_shot,10,1,180,1,6,0,1,11,24,1.17409944534302e-06,6.9931030273438e-07,5.13565063476562e-06,6.53477907180786e-06,6.47213220596313e-06,0.11801095199999999,0.0002403329999999997,0.07072816000000001,0.00010662499999999995,0.51327384,0.0008758750000000008,0.649550144,0.001082958000000001,0.643537536,0.0012654999999999993,0.06,0.0,0.06,0.06,0.08,8.83,10
ascii_art,OpenAI,o3-mini-high,5-role-zero_shot,1,1,199,1,7,0,1,6,29,4.44107055664062e-06,2.55348920822144e-06,5.86724758148193e-06,1.108413934707642e-05,6.59684896469116e-06,0.444613128,0.0015799589999999988,0.24223737600000006,0.0011499170000000003,0.5282752,0.0011402500000000006,0.8771056640000001,0.0052040820000000005,0.656792576,0.0008494179999999976,0.13,0.03,0.06,0.11,0.08,9.84,10
ascii_art,Anthropic,Claude 3.7 Sonnet,5-role-zero_shot,1,1,193,1,6,1,1,11,24,1.19873046875e-06,7.057523727417e-07,5.18479824066162e-06,1.021313190460205e-05,6.40590906143188e-06,0.119955542,0.00024250000000000053,0.071949088,8.654199999999935e-05,0.5191319679999999,0.0011877499999999996,1.037272128,0.001999209,0.6373015040000003,0.0010389579999999995,0.04,0.0,0.06,0.08,0.08,6.1,10
ascii_art,Google,Gemini 2.0 Pro Experimental,5-role-zero_shot,1,1,177,1,6,1,1,11,24,4.63300943374634e-06,2.36032009124756e-06,5.13159275054932e-06,,6.62949085235596e-06,0.453325412,0.0008130000000000004,0.23410367999999998,0.00041029100000000013,0.51077216,0.0007672909999999998,,,0.646173952,0.001337833,0.09,0.05,0.05,,0.08,9.48,10
ascii_art,OpenAI,o3-mini-high,5-role-zero_shot,2,1,264,1,7,1,1,10,25,3.57789039611816e-06,2.07537889480591e-06,5.49744129180908e-06,5.40162086486816e-06,6.78997039794922e-06,0.3554773,0.0008933750000000009,0.19955932800000004,0.0004132090000000012,0.5305232000000001,0.0008317499999999992,0.5237669120000001,0.0008599160000000005,0.6610035199999997,0.0008312500000000004,0.12,0.03,0.06,0.06,0.08,9.15,10
ascii_art,Anthropic,Claude 3.7 Sonnet,5-role-zero_shot,2,1,188,1,6,1,1,11,24,4.39158201217651e-06,2.32887029647827e-06,4.92069959640503e-06,9.58036184310913e-06,6.29010915756226e-06,0.448646544,0.0012210839999999999,0.23020681600000004,0.00029841599999999927,0.493304576,0.0005287079999999993,0.952390144,0.0014000409999999994,0.6307208960000001,0.001558707999999999,0.1,0.03,0.06,0.09,0.11,6.27,10
ascii_art,Google,Gemini 2.0 Pro Experimental,5-role-zero_shot,2,1,168,1,6,1,1,11,24,4.38210964202881e-06,2.3127007484436e-06,5.16595840454102e-06,,6.47679805755615e-06,0.44237182,0.0008644579999999994,0.23101967999999995,0.0002537500000000005,0.538428288,0.0009037920000000005,,,0.642436864,0.0009353750000000004,0.09,0.06,0.06,,0.08,8.49,10
ascii_art,OpenAI,o3-mini-high,5-role-zero_shot,3,1,252,1,7,3,1,13,22,3.51189136505127e-06,2.08431720733643e-06,5.75111150741577e-06,5.15057802200317e-06,9.77418899536133e-06,0.357863422,0.0030930839999999994,0.19965468800000008,0.0013241659999999999,0.5339660160000002,0.0030172080000000004,0.4900960000000001,0.0036594999999999996,0.9689460479999998,0.0025544580000000025,0.08,0.03,0.06,0.08,0.08,9.5,10
ascii_art,Anthropic,Claude 3.7 Sonnet,5-role-zero_shot,3,1,181,1,6,0,1,11,24,4.45317029953003e-06,2.37653732299805e-06,4.91003036499023e-06,1.254815101623535e-05,6.99882030487061e-06,0.439472244,0.0005311249999999995,0.234596896,0.0007653750000000004,0.4931803520000001,0.0006730830000000005,1.2881821439999999,0.0024823749999999985,0.6880220160000001,0.001366875,0.11,0.03,0.06,0.09,0.08,6.15,10
ascii_art,Google,Gemini 2.0 Pro Experimental,5-role-zero_shot,3,1,201,1,8,0,1,7,28,4.7458815574646e-06,2.49583721160889e-06,5.17298936843872e-06,5.89731931686401e-06,6.55769824981689e-06,0.472301876,0.000692458,0.280731136,0.00824575,0.5163528319999999,0.0008023329999999988,0.5965136640000002,0.0006983749999999976,0.6393260800000002,0.000872042,0.11,0.03,0.06,0.08,0.08,8.0,10
ascii_art,OpenAI,o3-mini-high,5-role-zero_shot,4,1,209,1,7,1,1,9,26,5.17959117889404e-06,3.00820112228394e-06,5.51819086074829e-06,6.79585933685303e-06,7.42512226104736e-06,0.510954202,0.0010042089999999998,0.2735352320000001,0.0005944159999999987,0.537317312,0.0008901249999999986,0.6824893440000002,0.0009100840000000002,0.726361088,0.0010437089999999986,0.1,0.06,0.08,0.08,0.1,9.49,10
ascii_art,Anthropic,Claude 3.7 Sonnet,5-role-zero_shot,4,1,181,1,6,1,1,11,24,1.19987010955811e-06,7.3141813278198e-07,5.15552043914795e-06,7.81907081604004e-06,6.14242076873779e-06,0.12069924799999998,0.0001967080000000003,0.07307265600000001,0.00010904200000000017,0.5116755199999999,0.001265042,0.789915584,0.001869959,0.613026048,0.0009896669999999996,0.0,0.0,0.08,0.08,0.09,5.66,10
ascii_art,Google,Gemini 2.0 Pro Experimental,5-role-zero_shot,4,1,157,1,6,1,1,11,24,1.24428987503052e-06,6.7938089370728e-07,7.34357118606567e-06,2.93293237686157e-06,6.44861936569214e-06,0.12466842,0.00024337500000000054,0.068994592,0.00012062500000000007,0.511177888,0.000817959,0.29419270399999997,0.004407,0.6447627519999999,0.0021067080000000005,0.06,0.0,0.08,0.06,0.09,8.89,10
ascii_art,OpenAI,o3-mini-high,5-role-zero_shot,5,1,210,1,8,1,1,7,28,2.00939178466797e-06,1.16541862487793e-06,5.51276206970215e-06,6.57633781433105e-06,6.55183076858521e-06,0.194420748,0.0005482500000000001,0.11192142400000002,0.00020812499999999998,0.5333999359999999,0.0007357500000000003,0.6657875840000002,0.0027792499999999987,0.6543887359999998,0.0018114159999999997,0.06,0.03,0.06,0.06,0.11,9.67,10
ascii_art,Anthropic,Claude 3.7 Sonnet,5-role-zero_shot,5,1,200,1,6,1,1,11,24,2.06772089004517e-06,1.09304189682007e-06,3.3786416053772e-06,8.86280059814453e-06,6.48070335388184e-06,0.20633975599999999,0.0003475409999999998,0.10879899199999998,0.00011937499999999969,0.347006368,0.0007502089999999999,0.8895420159999999,0.0010723339999999994,0.6650539519999998,0.001091041000000001,0.06,0.02,0.05,0.08,0.08,6.13,10
ascii_art,Google,Gemini 2.0 Pro Experimental,5-role-zero_shot,5,1,165,1,6,0,1,11,24,4.48115110397339e-06,2.35785245895386e-06,5.10557889938354e-06,,6.50279998779297e-06,0.442787738,0.0007292920000000003,0.23426355199999999,0.0005506670000000003,0.508134976,0.0008402919999999994,,,0.6681100799999999,0.0011079160000000005,0.09,0.06,0.05,,0.08,8.79,10
ascii_art,OpenAI,o3-mini-high,5-role-zero_shot,6,1,219,1,8,1,1,6,29,4.41962003707886e-06,2.48825073242187e-06,5.810387134552e-06,5.15884160995483e-06,7.21808910369873e-06,0.46508041,0.0045093749999999995,0.237128768,0.0009771250000000006,0.5247646720000001,0.0005961660000000004,0.506973568,0.0006984169999999998,0.70875456,0.0011393340000000005,0.14,0.03,0.08,0.06,0.08,9.78,10
ascii_art,Anthropic,Claude 3.7 Sonnet,5-role-zero_shot,6,1,185,1,6,1,0,13,22,1.16962909698486e-06,6.77649974823e-07,5.17187118530273e-06,5.9237003326416e-06,9.44720268249512e-06,0.118108704,0.0002780829999999993,0.068857376,9.29590000000001e-05,0.512115328,0.0008673330000000005,0.5998243200000001,0.0007496250000000003,0.931631616,0.0016536250000000006,0.02,0.0,0.08,0.06,0.08,6.35,10
ascii_art,Google,Gemini 2.0 Pro Experimental,5-role-zero_shot,6,1,170,1,6,0,1,11,24,4.38545227050781e-06,2.35569000244141e-06,5.31657934188843e-06,,,0.445872432,0.0010829580000000002,0.23462159999999999,0.0007863340000000005,0.5100078720000001,0.0008582079999999992,,,,,0.14,0.06,0.11,,,9.31,10
ascii_art,OpenAI,o3-mini-high,5-role-zero_shot,7,1,238,1,7,1,1,7,28,4.53355073928833e-06,2.54411935806274e-06,5.49239158630371e-06,7.75063037872314e-06,7.08890199661255e-06,0.440864444,0.004862000000000001,0.24306364799999997,0.0019411250000000001,0.5301151999999999,0.004085626000000002,0.7829332480000002,0.020481960000000004,0.717295488,0.007142499999999996,0.14,0.06,0.06,0.08,0.09,9.23,10
ascii_art,Anthropic,Claude 3.7 Sonnet,5-role-zero_shot,7,1,208,1,6,1,1,11,24,1.19898080825806e-06,7.2702884674072e-07,5.15121221542358e-06,7.05059766769409e-06,7.0072603225708e-06,0.12181234000000002,0.0013098330000000007,0.07417688,0.0005091250000000009,0.516269312,0.003712749999999999,0.711604416,0.004524958000000001,0.7204147199999997,0.009659123999999998,0.01,0.0,0.06,0.08,0.08,6.23,10
ascii_art,Google,Gemini 2.0 Pro Experimental,5-role-zero_shot,7,1,173,1,6,1,1,11,24,1.16112947463989e-06,6.9596767425537e-07,5.17122030258179e-06,2.99843072891235e-06,6.41455173492432e-06,0.11994637400000001,0.001338583,0.07124366400000001,0.00026091700000000113,0.514066624,0.003922999999999999,0.29683923199999995,0.0015453330000000012,0.67872544,0.0047189169999999996,0.0,0.0,0.06,0.03,0.08,9.17,10
ascii_art,OpenAI,o3-mini-high,5-role-zero_shot,8,1,229,1,8,1,1,6,29,6.59453868865967e-06,2.67534255981445e-06,5.39786100387573e-06,9.14108037948608e-06,6.62566900253296e-06,0.450673816,0.0024314160000000005,0.247634016,0.0004550829999999985,0.5112725760000001,0.005359751000000001,0.867963136,0.006737916,0.6640106239999999,0.004258791999999997,0.11,0.08,0.08,0.1,0.09,9.77,10
ascii_art,Anthropic,Claude 3.7 Sonnet,5-role-zero_shot,8,1,160,1,6,0,1,11,24,4.75815057754517e-06,2.47257947921753e-06,5.261070728302e-06,9.55769777297974e-06,6.95905923843384e-06,0.474072276,0.002997124999999999,0.24853468799999995,0.001940875,0.541917376,0.010746208000000002,0.9681043200000001,0.0051754999999999995,0.697134336,0.0028738319999999998,0.14,0.07,0.08,0.11,0.09,4.62,10
ascii_art,Google,Gemini 2.0 Pro Experimental,5-role-zero_shot,8,1,194,1,6,0,1,11,24,4.43588256835938e-06,2.35372066497803e-06,5.21054983139038e-06,8.16232919692993e-06,6.19578123092651e-06,0.44264179600000003,0.0006360409999999995,0.23200614399999997,0.0013984589999999995,0.50697376,0.003080042,0.6096582399999999,0.003761707999999999,0.6379224319999999,0.016151084,0.11,0.05,0.08,0.08,0.09,9.87,10
ascii_art,OpenAI,o3-mini-high,5-role-zero_shot,9,1,183,1,8,0,1,9,26,4.47945117950439e-06,2.60241985321045e-06,5.2251124382019e-06,6.5892219543457e-06,6.00467920303345e-06,0.44757603599999995,0.001862458,0.24507542400000004,0.0012387500000000003,0.503297472,0.0034069999999999986,0.665455744,0.004109668000000002,0.5932826880000002,0.002701668000000001,0.12,0.03,0.06,0.06,0.06,9.67,10
ascii_art,Anthropic,Claude 3.7 Sonnet,5-role-zero_shot,9,1,178,1,7,0,1,11,24,1.20520830154419e-06,7.3177099227905e-07,3.58375072479248e-06,9.11295890808106e-06,6.55911922454834e-06,0.12440420600000002,0.0010322500000000002,0.076215952,0.0007569169999999993,0.361016736,0.003015917,0.8928993279999999,0.004838874,0.6468486400000002,0.0007434160000000002,0.06,0.0,0.05,0.07,0.08,4.35,10
ascii_art,Google,Gemini 2.0 Pro Experimental,5-role-zero_shot,9,1,169,1,6,0,1,11,24,4.47984933853149e-06,2.45499134063721e-06,5.21557092666626e-06,9.04909133911133e-06,6.55538082122803e-06,0.45075384,0.0018465410000000002,0.23925296000000001,0.0010448339999999997,0.533601344,0.014712709,0.6856262400000002,0.004070041999999999,0.6502877440000001,0.004899042000000003,0.14,0.03,0.06,0.06,0.08,7.78,10
ascii_art,OpenAI,o3-mini-high,5-role-zero_shot,10,1,208,1,7,1,1,10,25,4.494309425354e-06,4.38215970993042e-06,5.60418605804443e-06,4.92075204849243e-06,6.61505699157715e-06,0.44115395999999996,0.0006851660000000001,0.24197596799999993,0.0007222499999999998,0.522247744,0.000761791999999999,0.474617088,0.0005680000000000008,0.647483392,0.0011910420000000015,0.14,0.04,0.06,0.08,0.08,9.79,10
ascii_art,Anthropic,Claude 3.7 Sonnet,5-role-zero_shot,10,1,203,1,7,1,1,11,24,2.01511859893799e-06,1.13205909729004e-06,5.56560039520264e-06,6.68075084686279e-06,6.60069942474365e-06,0.20399392,0.00047729100000000035,0.11604887999999997,0.0002524579999999997,0.548276896,0.0015514579999999995,0.677339136,0.0010520419999999996,0.6595500799999998,0.0008447079999999996,0.06,0.03,0.06,0.08,0.08,6.47,10
ascii_art,Google,Gemini 2.0 Pro Experimental,5-role-zero_shot,10,1,173,1,6,1,1,7,28,4.45627927780151e-06,2.39871978759766e-06,5.15998125076294e-06,,6.53044939041138e-06,0.441798962,0.0007890829999999995,0.23827084799999998,0.0012258749999999995,0.51272448,0.0013287080000000014,,,0.642501888,0.000832958,0.14,0.03,0.06,,0.08,8.62,10
ascii_art,OpenAI,o3-mini-high,6-role-few_shot,1,1,231,1,7,1,1,7,28,4.42652225494385e-06,2.62361764907837e-06,5.46583890914917e-06,8.14479827880859e-06,6.52212858200073e-06,0.438187084,0.0008146250000000002,0.24273923199999997,0.0003610829999999999,0.507910336,0.001016375,0.7958927359999999,0.0009832919999999985,0.6691521280000003,0.0009207499999999997,0.14,0.03,0.06,0.11,0.08,7.53,10
ascii_art,Anthropic,Claude 3.7 Sonnet,6-role-few_shot,1,1,159,1,6,0,1,11,24,4.46751117706299e-06,2.44287014007568e-06,5.19101858139038e-06,9.3755316734314e-06,6.44736051559448e-06,0.4412315,0.0007587499999999999,0.243154784,0.0007430830000000003,0.53531616,0.005876209,0.9671563519999999,0.0014733750000000007,0.6585510399999999,0.001056042,0.14,0.03,0.06,0.09,0.08,7.32,10
ascii_art,Google,Gemini 2.0 Pro Experimental,6-role-few_shot,1,1,148,1,7,0,1,11,24,9.13411855697632e-06,4.79564905166626e-06,7.53670215606689e-06,,9.05160903930664e-06,0.961341608,0.00209175,0.48887417599999994,0.0008342920000000004,0.7599098880000001,0.001106415999999999,,,0.9075005440000004,0.001933209,0.2,0.12,0.13,,0.14,8.6,10
ascii_art,OpenAI,o3-mini-high,6-role-few_shot,2,1,222,1,7,1,1,6,29,4.81199979782104e-06,2.78513193130493e-06,5.52747011184692e-06,8.66441965103149e-06,6.61045074462891e-06,0.44026368,0.000668292,0.24018243199999995,0.00017649999999999957,0.496041344,0.0006777909999999988,0.8960874240000001,0.006147999999999999,0.6473009919999999,0.0007502080000000005,0.14,0.06,0.06,0.09,0.08,9.77,10
ascii_art,Anthropic,Claude 3.7 Sonnet,6-role-few_shot,2,1,154,1,6,0,1,11,24,2.09192752838135e-06,1.10163927078247e-06,3.58273029327393e-06,1.116127967834473e-05,6.28176927566528e-06,0.207085668,0.00035308300000000056,0.10826796799999999,7.375000000000003e-05,0.356492736,0.000605792,0.955498304,0.001603208,0.629383552,0.0005778750000000003,0.08,0.03,0.06,0.09,0.08,7.33,10
ascii_art,Google,Gemini 2.0 Pro Experimental,6-role-few_shot,2,1,171,1,6,0,1,11,24,4.39517021179199e-06,2.31966972351074e-06,5.13805150985718e-06,,6.42797708511353e-06,0.441027924,0.0007953330000000005,0.23425024000000005,0.0002057500000000002,0.5174768,0.0010547080000000006,,,0.6497029120000002,0.0019777909999999996,0.14,0.03,0.08,,0.09,9.38,10
ascii_art,OpenAI,o3-mini-high,6-role-few_shot,3,1,219,1,7,1,1,6,29,6.85714960098267e-06,2.47599840164185e-06,5.29624223709106e-06,5.16616821289062e-06,6.31284952163696e-06,0.440278458,0.0007437499999999996,0.24450208,0.0006721669999999996,0.513376704,0.0004682090000000007,0.5082402559999999,0.0006754589999999998,0.6448061440000001,0.0009728749999999998,0.19,0.09,0.09,0.06,0.08,9.76,10
ascii_art,Anthropic,Claude 3.7 Sonnet,6-role-few_shot,3,1,157,1,6,0,1,11,24,1.93718671798706e-06,1.09162092208862e-06,5.3981614112854e-06,6.09525918960571e-06,6.11455917358398e-06,0.194088174,0.00040879100000000036,0.10850182399999997,6.84170000000003e-05,0.544228992,0.001279708,0.6123610879999999,0.0010127080000000002,0.613180544,0.0008628749999999991,0.09,0.03,0.08,0.06,0.09,5.56,10
ascii_art,Google,Gemini 2.0 Pro Experimental,6-role-few_shot,3,1,197,1,7,1,1,10,25,4.71405029296875e-06,2.51962900161743e-06,5.13350248336792e-06,6.01653814315796e-06,6.14024877548218e-06,0.47013347,0.0011432919999999997,0.253538336,0.00031216700000000035,0.5094620160000001,0.000664666999999999,0.604540672,0.0008432079999999998,0.6228925440000002,0.0008777079999999996,0.14,0.03,0.06,0.06,0.09,9.57,10
ascii_art,OpenAI,o3-mini-high,6-role-few_shot,4,1,189,1,8,0,1,6,29,4.42535161972046e-06,2.5199294090271e-06,5.55176973342896e-06,5.37163019180298e-06,6.51313781738281e-06,0.435495364,0.0004916249999999999,0.23531231999999996,0.0002708750000000003,0.5248259839999999,0.0009230840000000002,0.516819712,0.0005853330000000004,0.6459425280000002,0.0009716670000000007,0.14,0.05,0.08,0.08,0.09,9.55,10
ascii_art,Anthropic,Claude 3.7 Sonnet,6-role-few_shot,4,1,172,1,6,0,1,11,24,1.39313936233521e-06,7.5681209564209e-07,5.51506042480469e-06,1.05315089225769e-05,7.15695142745972e-06,0.137160592,0.00027529099999999956,0.07595212800000001,5.366599999999996e-05,0.5492640320000001,0.004589625,1.06853888,0.0020229589999999995,0.7129505279999999,0.0015264590000000008,0.06,0.01,0.08,0.11,0.09,6.0,10
ascii_art,Google,Gemini 2.0 Pro Experimental,6-role-few_shot,4,1,191,1,7,0,1,11,24,4.71354007720947e-06,2.49256134033203e-06,5.07644176483154e-06,2.97016859054565e-06,6.43890142440796e-06,0.49347600399999997,0.0007263750000000005,0.24907606400000004,0.00032158399999999976,0.50829024,0.0009947919999999996,0.29541695999999984,0.00030420800000000026,0.6439815680000001,0.0006308749999999995,0.13,0.05,0.08,0.08,0.09,7.83,10
ascii_art,OpenAI,o3-mini-high,6-role-few_shot,5,1,214,1,7,1,1,7,28,2.00439214706421e-06,1.14848136901855e-06,5.71341753005981e-06,1.057969808578491e-05,8.93054962158203e-06,0.204178536,0.0009790830000000004,0.11497622399999999,0.0010328750000000008,0.524658112,0.004067875,1.03654944,0.009226874000000001,0.650403072,0.003889581999999999,0.06,0.03,0.06,0.09,0.08,9.76,10
ascii_art,Anthropic,Claude 3.7 Sonnet,6-role-few_shot,5,1,210,1,6,1,1,11,24,4.77781057357788e-06,2.49687671661377e-06,5.20104169845581e-06,1.421404123306274e-05,6.82395935058594e-06,0.475340408,0.003338542,0.25568288,0.0017797079999999996,0.5354993920000001,0.005091333,1.408699648,0.010405874000000002,0.6874124799999999,0.006729166000000002,0.14,0.04,0.06,0.09,0.08,5.73,10
ascii_art,Google,Gemini 2.0 Pro Experimental,6-role-few_shot,5,1,122,1,6,0,1,11,24,4.42861080169678e-06,2.35091924667358e-06,5.12207984924316e-06,6.52724981307983e-06,6.51878118515015e-06,0.439983624,0.002372333,0.233000384,0.001916292,0.5093509759999999,0.004472208000000002,0.65288576,0.003993625000000001,0.6862703359999998,0.011006832000000001,0.14,0.03,0.06,0.06,0.09,8.92,10
ascii_art,OpenAI,o3-mini-high,6-role-few_shot,6,1,233,1,7,1,1,7,28,4.85723972320557e-06,2.80783891677856e-06,5.8545994758606e-06,1.11065411567688e-05,6.52040958404541e-06,0.515601588,0.013265540000000001,0.26351987199999993,0.0006379160000000023,0.5520385919999999,0.0011122900000000019,1.1014745599999998,0.0016849159999999981,0.6819512320000003,0.0012855399999999982,0.17,0.06,0.08,0.11,0.08,9.35,10
ascii_art,Anthropic,Claude 3.7 Sonnet,6-role-few_shot,6,1,167,1,6,0,1,11,24,4.42844152450562e-06,2.35435009002686e-06,5.1108717918396e-06,9.46771383285522e-06,6.24694108963013e-06,0.440900284,0.0012852919999999995,0.233634752,0.0004833330000000007,0.509107136,0.0009773750000000008,0.9565651200000003,0.0027575410000000005,0.6389048320000001,0.0011658750000000002,0.14,0.03,0.06,0.08,0.09,5.33,10
ascii_art,Google,Gemini 2.0 Pro Experimental,6-role-few_shot,6,1,156,1,7,0,1,11,24,4.71955060958862e-06,2.47272968292236e-06,5.09610891342163e-06,6.45709037780762e-06,6.46278858184814e-06,0.474677568,0.0007923750000000005,0.24697955200000005,0.000196875,0.505374784,0.001010249999999999,0.646360064,0.0014587919999999987,0.6440759040000001,0.0050678749999999995,0.14,0.03,0.06,0.06,0.08,9.79,10
ascii_art,OpenAI,o3-mini-high,6-role-few_shot,7,1,248,1,8,1,1,6,29,4.47638034820557e-06,2.68636226654053e-06,5.35565853118896e-06,5.22660970687866e-06,6.61908864974976e-06,0.438043948,0.0008518750000000002,0.23749011199999998,0.0005414169999999998,0.49556307199999994,0.0007957090000000003,0.5080462079999999,0.0009632499999999988,0.6562616319999999,0.001022625000000001,0.12,0.05,0.08,0.08,0.1,9.41,10
ascii_art,Anthropic,Claude 3.7 Sonnet,6-role-few_shot,7,1,169,1,6,0,1,11,24,2.0076584815979e-06,1.03819131851196e-06,3.5287070274353e-06,3.18979024887085e-06,6.4316201210022e-06,0.20264383800000002,0.000520459,0.106019904,0.00046283300000000017,0.354226048,0.0006303330000000003,0.31782265600000004,0.0005136669999999989,0.6473546880000001,0.0011226250000000004,0.08,0.04,0.08,0.08,0.1,4.67,10
ascii_art,Google,Gemini 2.0 Pro Experimental,6-role-few_shot,7,1,163,1,6,1,1,11,24,4.38683986663818e-06,2.35095977783203e-06,5.18889904022217e-06,2.95019865036011e-06,6.51135206222534e-06,0.472641458,0.005677959,0.23231331200000005,0.0003612909999999997,0.5114202880000001,0.0010545840000000008,0.2912194559999999,0.0004071249999999995,0.6527252479999999,0.0008373340000000003,0.14,0.05,0.08,0.05,0.09,9.3,10
ascii_art,OpenAI,o3-mini-high,6-role-few_shot,8,1,220,1,7,1,1,6,29,4.43776845932007e-06,2.44415998458862e-06,5.18857002258301e-06,1.151386260986328e-05,6.78879976272583e-06,0.445196824,0.0035059590000000003,0.23974303999999996,0.0017897499999999997,0.5179177599999999,0.003459416,0.8743873279999999,0.005717791999999999,0.699902464,0.0052367920000000005,0.1,0.03,0.06,0.09,0.09,9.89,10
ascii_art,Anthropic,Claude 3.7 Sonnet,6-role-few_shot,8,1,158,1,7,0,1,11,24,4.76241827011108e-06,2.56875991821289e-06,5.20616054534912e-06,9.10987854003906e-06,6.53472900390625e-06,0.476969086,0.0031244159999999997,0.260605152,0.0021282090000000007,0.544754048,0.01183279,0.9463498240000001,0.008749207999999998,0.6604477439999998,0.004207791999999995,0.14,0.03,0.06,0.06,0.08,5.45,10
ascii_art,Google,Gemini 2.0 Pro Experimental,6-role-few_shot,8,1,142,1,6,0,1,11,24,4.40272092819214e-06,2.30831861495972e-06,5.14621257781982e-06,,6.22741222381592e-06,0.446708128,0.0030132500000000003,0.23277497599999997,0.002053415999999999,0.5056140800000001,0.004931584000000001,,,0.62548672,0.0022235399999999995,0.14,0.05,0.06,,0.09,9.13,10
ascii_art,OpenAI,o3-mini-high,6-role-few_shot,9,1,269,1,7,1,1,7,28,4.45425987243652e-06,2.53307819366455e-06,5.52295923233032e-06,1.081383943557739e-05,6.51945114135742e-06,0.443958284,0.0025270829999999994,0.238507904,0.002152167,0.5225934079999999,0.004246709000000001,1.048893696,0.007334626,0.6375925759999999,0.004784207999999998,0.14,0.08,0.09,0.11,0.09,9.78,10
ascii_art,Anthropic,Claude 3.7 Sonnet,6-role-few_shot,9,1,190,1,6,0,1,11,24,1.21713876724243e-06,2.86365032196045e-06,3.70712280273437e-06,9.77697134017944e-06,6.65689945220947e-06,0.12204462600000002,0.0011974159999999998,0.073710208,0.0007345419999999995,0.35664321600000004,0.003015917,0.9644757119999999,0.0060402899999999985,0.6632197120000003,0.004646583999999999,0.06,0.01,0.08,0.09,0.08,6.33,10
ascii_art,Google,Gemini 2.0 Pro Experimental,6-role-few_shot,9,1,192,1,6,0,1,9,26,5.02205848693848e-06,2.64097690582275e-06,5.28646945953369e-06,2.63926029205322e-06,7.5869607925415e-06,0.488830374,0.003768334,0.25662569599999996,0.0021928749999999986,0.5440062720000001,0.016119334,0.26095833599999985,0.0020448319999999964,0.7384220159999999,0.004526789999999996,0.14,0.05,0.08,0.05,0.08,8.0,10
ascii_art,OpenAI,o3-mini-high,6-role-few_shot,10,1,233,1,7,1,1,11,24,4.52584981918335e-06,2.55943775177002e-06,5.365309715271e-06,8.65454196929932e-06,7.28901147842407e-06,0.44385104799999997,0.0036369590000000004,0.24375897600000002,0.0031376660000000008,0.49389036799999997,0.004145791000000001,0.835784064,0.007837041999999999,0.7189226239999997,0.005765708000000001,0.09,0.03,0.06,0.08,0.08,8.65,10
ascii_art,Anthropic,Claude 3.7 Sonnet,6-role-few_shot,10,1,175,1,6,0,1,11,24,1.19977951049805e-06,7.020115852356e-07,5.10851621627808e-06,1.34100604057312e-05,7.74924993515015e-06,0.118187796,0.0009615829999999994,0.07048703999999997,0.00038545899999999945,0.5105415520000001,0.0034218749999999996,1.3460257280000003,0.016293418000000004,0.7589556479999997,0.0012268339999999996,0.06,0.01,0.06,0.09,0.11,5.19,10
ascii_art,Google,Gemini 2.0 Pro Experimental,6-role-few_shot,10,1,131,1,6,0,1,11,24,1.19470834732056e-06,3.42636108398437e-06,5.53156137466431e-06,6.66100978851318e-06,6.53624057769775e-06,0.12032495200000001,0.0002968329999999998,0.07281537599999999,0.0001095419999999998,0.5118341919999999,0.0010038749999999996,0.65328416,0.0009707919999999998,0.649887104,0.0008264589999999999,0.06,0.01,0.06,0.06,0.08,7.45,10
