challenge,provider,model,prompt_type,iteration,code_compilability,code_length,modularity-number_of_classes,modularity-number_of_methods,modularity-number_of_functions,functional_completeness,functional_correctness-fail,functional_correctness-pass,time_behaviour-add_task,time_behaviour-get_all_tasks,time_behaviour-search_task-by_name,time_behaviour-search_task-by_description,time_behaviour-finish_task,time_behaviour-remove_task,performance_efficiency-CPU-add_task-user_time,performance_efficiency-CPU-add_task-system_time,performance_efficiency-CPU-get_all_tasks-user_time,performance_efficiency-CPU-get_all_tasks-system_time,performance_efficiency-CPU-search_task-by_name-user_time,performance_efficiency-CPU-search_task-by_name-system_time,performance_efficiency-CPU-search_task-by_description-user_time,performance_efficiency-CPU-search_task-by_description-system_time,performance_efficiency-CPU-finish_task-user_time,performance_efficiency-CPU-finish_task-system_time,performance_efficiency-CPU-remove_task-user_time,performance_efficiency-CPU-remove_task-system_time,performance_efficiency-RAM-add_task,performance_efficiency-RAM-get_all_tasks,performance_efficiency-RAM-search_task,performance_efficiency-RAM-search_task-by_name,performance_efficiency-RAM-search_task-by_description,performance_efficiency-RAM-remove_task,analysability-score,analysability-max_score
todo_list,OpenAI,o3-mini-high,1-zero_shot,1,1,274,1,7,3,1,17,30,7.7619552612305e-07,0.00041539869308471677,0.0010098676919937134,0.0009426478862762451,4.7810077667236e-07,4.8832893371582e-07,0.006790292,0.0003338749999999991,3.744662244,0.006535291,9.766736384000001,0.016256917,9.150806016,0.01360546,0.004644863999999416,5.983199999999578e-05,0.004849663999998199,4.900000000000043e-05,3.87,0.8,0.05,0.05,0.0,-1.0,9.44,10
todo_list,Anthropic,Claude 3.7 Sonnet,1-zero_shot,1,1,252,1,8,1,1,17,30,1.07839107513428e-06,0.0014589867115020751,0.0010168548107147217,0.0010070114135742189,9.0160369873047e-07,5.4640769958496e-07,0.010495915999999997,0.0004720419999999989,14.917600572,0.02225525,10.104566784,0.013675625999999996,9.551636480000003,0.017212040000000005,0.008544256000000416,1.991999999999966e-05,0.005017600000002176,0.0001417920000000017,4.95,3.41,0.2,0.21,0.0,-2.0,5.5,10
todo_list,Google,Gemini 2.0 Pro Experimental,1-zero_shot,1,1,223,1,7,1,1,15,32,6.7341327667236e-07,4.324321746826172e-05,0.0010028764247894287,0.0009401069879531861,4.817008972168e-07,4.8699378967285e-07,0.006504289999999999,0.00044245799999999974,0.43310475200000004,0.0008222089999999991,9.969979872,0.016215332,9.357037567999999,0.013975544,0.00467558400000101,5.449999999999899e-05,0.0048701440000016305,0.00010820799999999853,3.81,0.3,0.02,0.02,0.0,-1.0,9.33,10
todo_list,OpenAI,o3-mini-high,1-zero_shot,2,1,255,1,7,2,1,12,35,7.533073425293e-07,0.00023819899559020995,0.0010266423225402832,0.0009591212987899781,4.9378871917725e-07,4.9097537994385e-07,0.007017207999999997,0.00038404100000000076,2.259109154,0.0055249159999999995,10.225101056,0.014925875000000002,9.655086080000002,0.013458832,0.004667391999998216,1.95839999999961e-05,0.004933632000000188,5.779200000000095e-05,3.85,1.45,0.04,0.02,0.0,-1.0,9.62,10
todo_list,Anthropic,Claude 3.7 Sonnet,1-zero_shot,2,1,237,1,8,1,1,12,35,1.11989974975586e-06,0.0014761138916015626,0.00098730309009552,0.0009306009769439697,8.8620185852051e-07,5.2690505981445e-07,0.010423917999999997,0.0005987919999999999,15.074614168,0.034829877,10.003680255999999,0.018271168000000004,9.442082816000003,0.011877703999999996,0.008589312000005123,3.028799999998943e-05,0.005058560000001933,0.00020454400000000095,4.89,3.36,0.22,0.25,0.0,-2.0,5.62,10
todo_list,Google,Gemini 2.0 Pro Experimental,1-zero_shot,2,1,221,1,7,1,1,15,32,6.9129467010498e-07,4.349980354309082e-05,0.0014583463191986084,0.0014438139915466308,4.7769546508789e-07,4.96506690979e-07,0.0064765840000000005,0.00039041700000000054,0.435945952,0.000757041,14.927890336,0.022865376,14.771182591999999,0.021080624,0.004667392000001769,1.81279999999992e-05,0.004876288000001949,6.945600000000246e-05,3.86,0.41,0.05,0.05,0.0,-1.0,8.67,10
todo_list,OpenAI,o3-mini-high,1-zero_shot,3,1,237,1,7,2,1,15,32,7.1508884429932e-07,4.459831714630127e-05,0.0010173596143722534,0.0009471902370452881,4.8408508300781e-07,5.0678253173828e-07,0.006987374000000001,0.0004128329999999996,0.4415928,0.0013579170000000002,9.80117776,0.019699875999999998,9.169737728,0.019706581999999997,0.004659200000002528,5.395999999999873e-05,0.004863999999997759,4.783199999999765e-05,3.84,0.39,0.02,0.02,0.0,-1.0,8.97,10
todo_list,Anthropic,Claude 3.7 Sonnet,1-zero_shot,3,1,229,1,8,1,1,15,32,7.7939033508301e-07,0.0014865839004516602,0.000992550301551819,0.0009325464963912964,4.9207210540771e-07,5.2120685577393e-07,0.007083124,0.0004053329999999999,15.038679448,0.023293665999999998,10.131459071999998,0.014309792000000002,9.397000192,0.019221916,0.004759551999995892,9.62399999999974e-06,0.004939776000000506,0.0001116680000000092,4.2,3.22,0.28,0.25,0.0,-2.0,7.22,10
todo_list,Google,Gemini 2.0 Pro Experimental,1-zero_shot,3,1,246,1,7,1,1,15,32,7.1980953216553e-07,4.372999668121338e-05,0.0014618936777114869,0.0014483221054077148,4.9610137939453e-07,5.2142143249512e-07,0.006577959999999997,0.0004412919999999994,0.438296152,0.0005743749999999985,14.676857503999999,0.022223042,14.507343872,0.025954708000000003,0.004718591999999688,7.08400000000442e-06,0.0049090559999989125,2.666399999999569e-05,3.85,0.3,0.02,0.02,0.0,-1.0,9.03,10
todo_list,OpenAI,o3-mini-high,1-zero_shot,4,1,230,1,7,2,1,12,35,7.5778961181641e-07,4.437861442565918e-05,0.0010082659006118773,0.0009401499986648559,4.8041343688965e-07,4.838228225708e-07,0.006967166,0.00042154200000000044,0.437724218,0.0005803330000000006,9.971566432,0.021952708,9.343945727999998,0.013482875999999998,0.004708351999997973,4.987599999999731e-05,0.00484761600000283,9.729199999999882e-05,3.91,0.22,0.02,0.05,0.0,-1.0,9.4,10
todo_list,Anthropic,Claude 3.7 Sonnet,1-zero_shot,4,1,206,1,7,1,1,14,33,6.8330764770508e-07,0.0007440756797790528,0.0009819934844970703,0.0009247962951660156,5.0728321075439e-07,4.8577785491943e-07,0.006437208000000003,0.0004047089999999996,7.361333636,0.014226250999999999,9.730811392,0.013592709999999997,9.188268032,0.013936500000000004,0.005089279999999974,1.716400000000007e-05,0.004894719999999353,0.0001462480000000016,3.91,3.81,0.24,0.23,0.0,-1.0,5.54,10
todo_list,Google,Gemini 2.0 Pro Experimental,1-zero_shot,4,1,248,1,7,1,1,15,32,6.9067478179932e-07,4.333560466766357e-05,0.0014710295915603638,0.001458231282234192,4.6837329864502e-07,4.8630237579346e-07,0.006539918000000002,0.00036125000000000046,0.440787952,0.0008549170000000002,14.466112352,0.02226625,14.330655744,0.024911336,0.00467558400000101,2.245600000000403e-05,0.00486195200000239,8.612399999999992e-05,3.78,0.23,0.03,0.03,0.0,-1.0,9.33,10
todo_list,OpenAI,o3-mini-high,1-zero_shot,5,1,268,1,7,3,1,17,30,7.0300102233887e-07,4.366168975830078e-05,0.0009886694192886352,0.0009179445028305054,4.7779083251953e-07,4.9488544464111e-07,0.006530292,0.0003554159999999999,0.437476508,0.0006185000000000001,9.841539136,0.021116833,9.202865152,0.012904164,0.004726784000002482,6.729200000000352e-05,0.004866048000000234,0.0001275000000000026,3.8,0.22,0.05,0.02,0.0,-1.0,9.38,10
todo_list,Anthropic,Claude 3.7 Sonnet,1-zero_shot,5,1,250,1,8,1,1,18,29,7.4789524078369e-07,0.0006235203981399536,0.0009787460088729859,0.0009235774278640748,5.4440498352051e-07,5.3231716156006e-07,0.006848791999999999,0.00038600000000000006,6.205843216,0.014036417,9.811355648,0.014528876,9.282846720000002,0.013152291999999996,0.0054538239999999405,4.66399999999451e-06,0.005320703999998955,0.00010908400000000235,3.81,3.66,0.22,0.25,0.0,-1.0,6.17,10
todo_list,Google,Gemini 2.0 Pro Experimental,1-zero_shot,5,1,225,1,7,1,1,16,31,6.9348812103271e-07,4.329926967620849e-05,0.00101926212310791,0.0009623273372650147,4.7540664672852e-07,4.9190521240234e-07,0.006335084000000001,0.00039583299999999995,0.43134918,0.000618459,9.771169536,0.016297709,9.200244736000002,0.032240542000000004,0.004628480000000934,6.416800000000333e-05,0.004855808000002071,3.608400000000567e-05,3.87,0.22,0.02,0.03,0.0,-1.0,9.21,10
todo_list,OpenAI,o3-mini-high,1-zero_shot,6,1,254,1,7,2,1,14,33,7.8830718994141e-07,4.461688995361328e-05,0.0010541233062744142,0.0009762564182281494,4.8539638519287e-07,4.9819946289062e-07,0.007108749999999997,0.0003822499999999989,0.440095824,0.0033817080000000006,9.922282528,0.081543002,9.270124544,0.05009750399999999,0.004800511999999202,0.00012758399999998615,0.004982783999999185,4.368000000001815e-05,3.89,0.26,0.05,0.05,0.0,-1.0,8.25,10
todo_list,Anthropic,Claude 3.7 Sonnet,1-zero_shot,6,1,249,1,9,1,1,18,29,8.1069469451904e-07,0.0006763086080551148,0.0010518714904785157,0.000987666702270508,6.7358016967773e-07,5.202054977417e-07,0.007354084,0.0004629160000000007,6.592990004,0.011627914999999999,9.833032704,0.014176584000000002,9.191462912000002,0.014762287999999998,0.006135808000003351,2.062399999999687e-05,0.005003263999999064,3.704000000000207e-05,4.2,3.43,0.24,0.24,1.09,-2.0,6.03,10
todo_list,Google,Gemini 2.0 Pro Experimental,1-zero_shot,6,1,251,1,7,1,1,15,32,7.1258544921875e-07,4.440619945526123e-05,0.001550260829925537,0.0015149245023727417,4.896879196167e-07,5.0129890441895e-07,0.006474208000000002,0.00039154199999999906,0.43320408600000004,0.0008511249999999995,14.750201248,0.02471325,14.536748032,0.021856332,0.004599808000001815,4.033200000000403e-05,0.004866048000000234,8.520799999999634e-05,3.67,0.16,0.02,0.02,0.0,-1.0,9.31,10
todo_list,OpenAI,o3-mini-high,1-zero_shot,7,1,255,1,7,3,1,12,35,7.1139335632324e-07,0.00026468801498413086,0.0009779133319854736,0.0009160197019577026,4.8713684082031e-07,4.9140453338623e-07,0.007059248000000001,0.00046716700000000097,2.240458968,0.005555124999999999,9.798274048,0.025931543,9.156998144,0.014305956000000002,0.004665343999999294,3.250000000000475e-05,0.004923391999998472,3.166400000000069e-05,3.84,1.39,0.02,0.05,0.0,-1.0,9.33,10
todo_list,Anthropic,Claude 3.7 Sonnet,1-zero_shot,7,1,206,1,8,1,1,13,34,1.51607990264893e-06,0.0014783540964126588,0.000997008991241455,0.0009545561075210571,1.35130882263184e-06,5.0978660583496e-07,0.014563416,0.0006223750000000005,14.777998172,0.022250291999999998,9.787965439999999,0.019684999999999998,9.395750912000004,0.013027127999999999,0.013574143999996124,4.066800000000759e-05,0.004970495999998548,0.0001349600000000034,4.5,3.92,0.22,0.25,1.56,-2.0,5.8,10
todo_list,Google,Gemini 2.0 Pro Experimental,1-zero_shot,7,1,251,1,7,1,1,12,35,7.0929527282715e-07,4.320511817932129e-05,0.0013993551015853882,0.0013893168687820435,4.7988891601562e-07,4.9018859863281e-07,0.006713374000000001,0.0005182920000000009,0.438822456,0.0009649170000000009,13.985448992,0.02155725,13.887636480000001,0.02473,0.0046878719999980945,5.416800000000027e-05,0.004904959999997516,3.916799999999915e-05,3.87,0.23,0.04,0.03,0.0,-1.0,9.33,10
todo_list,OpenAI,o3-mini-high,1-zero_shot,8,1,248,1,7,2,1,15,32,6.6590309143066e-07,4.427850246429443e-05,0.0009850108861923217,0.0009161295175552369,4.7659873962402e-07,4.9259662628174e-07,0.006433042,0.00027995899999999976,0.43156096,0.0007232920000000004,9.742649792,0.015606416,9.134800895999998,0.012916668,0.004708351999997973,3.825200000000251e-05,0.0049029120000021464,5.387599999999437e-05,3.84,0.22,0.02,0.02,0.0,-1.0,9.45,10
todo_list,Anthropic,Claude 3.7 Sonnet,1-zero_shot,8,1,221,1,8,1,1,15,32,1.416015625e-06,0.0014759914875030517,0.0009839221954345704,0.0009438205242156982,8.50510597229e-07,4.9757957458496e-07,0.013684207999999996,0.00045024999999999926,14.587723996,0.024379918,9.869729792000001,0.014370916000000001,9.313564671999998,0.013223792000000005,0.008673279999996453,0.000115163999999994,0.004982783999999185,8.937600000000212e-05,5.45,4.21,0.23,0.24,0.0,-4.0,6.15,10
todo_list,Google,Gemini 2.0 Pro Experimental,1-zero_shot,8,1,228,1,7,1,1,12,35,7.1899890899658e-07,4.360041618347168e-05,0.0010075419187545777,0.000948459792137146,4.7202110290527e-07,4.8811435699463e-07,0.007095207999999999,0.0003417920000000005,0.434327372,0.0007927079999999996,10.032496384,0.016756958,9.448491008,0.013611335999999998,0.004638719999999097,8.04399999999872e-06,0.004876287999998397,3.733200000000103e-05,3.74,0.23,0.02,0.02,0.0,-1.0,8.94,10
todo_list,OpenAI,o3-mini-high,1-zero_shot,9,1,281,1,7,4,1,15,32,6.9229602813721e-07,0.00023158330917358397,0.0010015933990478515,0.0009427866220474243,4.7299861907959e-07,4.9221515655518e-07,0.006483542000000002,0.0003379160000000006,2.279126232,0.014013709000000001,9.779430912,0.022333164000000003,9.202397183999999,0.014467748000000002,0.0046489600000008124,1.208400000000248e-05,0.004900863999999672,4.279199999999983e-05,3.91,1.38,0.03,0.02,0.0,-1.0,9.44,10
todo_list,Anthropic,Claude 3.7 Sonnet,1-zero_shot,9,1,228,1,8,1,1,17,30,7.1086883544922e-07,0.0014297161102294921,0.0026762418985366823,0.0018687877893447877,5.0349235534668e-07,4.9979686737061e-07,0.00661896,0.0002944999999999996,14.32514304,0.025770874000000003,26.958723071999998,0.043633544,18.743631872,0.032953791999999996,0.005177343999996253,3.845600000000615e-05,0.004923392000002025,0.00010762400000000061,3.73,3.98,0.67,0.71,0.0,-1.0,5.66,10
todo_list,Google,Gemini 2.0 Pro Experimental,1-zero_shot,9,1,245,1,7,1,1,15,32,7.0562362670898e-07,4.386610984802246e-05,0.001446369695663452,0.0014499018907546998,4.9357414245605e-07,4.8999786376953e-07,0.0065005420000000015,0.0004025000000000001,0.435994712,0.0006867090000000006,14.279957184,0.027406582999999998,14.127673344,0.022697087999999997,0.0047104000000004476,4.737600000000175e-05,0.0049090559999989125,5.000000000000143e-05,3.81,0.2,0.03,0.02,0.0,-1.0,9.25,10
todo_list,OpenAI,o3-mini-high,1-zero_shot,10,1,255,1,7,2,1,15,32,7.3549747467041e-07,4.388911724090576e-05,0.0010381445169448853,0.0009646462917327881,4.8110485076904e-07,4.885196685791e-07,0.006918832,0.000317917,0.434028372,0.0005842499999999997,9.729111264,0.015974625,9.350387712,0.024286584000000003,0.004790272000001039,4.250000000000087e-05,0.005048320000000217,5.904400000000115e-05,3.9,0.26,0.02,0.05,0.0,-1.0,7.59,10
todo_list,Anthropic,Claude 3.7 Sonnet,1-zero_shot,10,1,302,1,8,2,1,16,31,8.2240104675293e-07,0.0014814713716506957,0.0026581360816955567,0.001813785696029663,6.2558650970459e-07,4.997730255127e-07,0.007872081999999999,0.00035408299999999983,14.845729087999999,0.104987581,26.261900288,0.40088724,18.085531648,0.028809344000000014,0.006098944000001438,1.721600000004209e-05,0.005013503999997226,2.636799999999884e-05,4.04,3.47,0.74,0.71,1.09,-3.0,6.72,10
todo_list,Google,Gemini 2.0 Pro Experimental,1-zero_shot,10,1,227,1,7,1,1,15,32,7.1702003479004e-07,4.367940425872803e-05,0.0014669158935546875,0.0014482383728027343,4.8229694366455e-07,4.9278736114502e-07,0.006555168,0.0003645409999999995,0.43543526400000004,0.0006877080000000004,14.10806096,0.042024832,13.879345152,0.020681959999999992,0.004671487999999613,0.00014300000000000423,0.0048742399999994745,3.849599999999898e-05,3.85,0.3,0.05,0.02,0.0,-1.0,9.04,10
todo_list,OpenAI,o3-mini-high,2-few_shot,1,1,240,1,7,2,1,15,32,6.9520473480225e-07,0.0008671089887619019,0.0010067874908447265,0.0009557932138442993,4.8980712890625e-07,4.9116611480713e-07,0.006474208000000002,0.000361208,8.350159204,0.015502125,10.089207808,0.021719916,9.371088896000003,0.016626496000000004,0.004761599999998367,4.08400000000142e-06,0.004880383999999793,9.445599999999971e-05,3.85,3.73,0.25,0.22,0.0,-1.0,9.51,10
todo_list,Anthropic,Claude 3.7 Sonnet,2-few_shot,1,1,223,1,8,1,1,12,35,7.7958106994629e-07,0.0015430593967437744,0.000985190463066101,0.0009280926942825318,6.2692165374756e-07,5.0721168518066e-07,0.0072592920000000005,0.0004810830000000002,14.637171927999999,0.025469626000000002,9.717228544000001,0.016473168000000003,9.134176256,0.015454792000000002,0.006135807999996246,7.83199999999928e-06,0.004982783999999185,8.466799999999608e-05,4.12,3.41,0.22,0.22,1.09,-3.0,6.3,10
todo_list,Google,Gemini 2.0 Pro Experimental,2-few_shot,1,1,138,1,7,0,1,15,32,6.8769454956055e-07,4.468486309051514e-05,0.001410533881187439,0.0013901377201080323,4.7211647033691e-07,4.9097537994385e-07,0.006523875999999998,0.0003429590000000003,0.43327826,0.0009362500000000004,14.03275808,0.030959961,13.906409472000002,0.023890751999999994,0.004790272000001039,4.470800000000441e-05,0.004980736000000263,2.983199999999353e-05,3.69,0.31,0.02,0.02,0.0,-1.0,9.78,10
todo_list,OpenAI,o3-mini-high,2-few_shot,2,1,285,1,7,4,1,12,35,7.6839923858643e-07,0.0003889893054962158,0.0009835905075073243,0.000923108196258545,4.7061443328857e-07,5.0041675567627e-07,0.006981542,0.00039216700000000056,3.773855184,0.0067876659999999995,9.784980736,0.020565834,9.172293632000002,0.01637346,0.0046510079999997345,4.174799999999423e-05,0.004825088000000477,7.483200000000384e-05,3.87,0.84,0.05,0.02,0.0,-1.0,9.5,10
todo_list,Anthropic,Claude 3.7 Sonnet,2-few_shot,2,1,208,1,7,1,1,18,29,6.8497657775879e-07,0.0006847482919692993,0.0009771247863769531,0.0009211246013641357,4.8432350158691e-07,4.9169063568115e-07,0.0064022900000000015,0.00032999999999999956,6.856597460000001,0.011639501,9.865181696,0.017523499999999997,9.303472128,0.023775711999999997,0.004894719999999353,3.87200000000198e-06,0.004939775999996954,0.00011741599999999519,3.67,3.7,0.25,0.23,0.0,-1.0,7.22,10
todo_list,Google,Gemini 2.0 Pro Experimental,2-few_shot,2,1,234,1,7,1,1,15,32,6.7720413208008e-07,4.341762065887451e-05,0.001407167887687683,0.001399745011329651,4.770040512085e-07,4.9068927764893e-07,0.0063974159999999995,0.0004485000000000001,0.43214592799999996,0.000638917000000001,14.048456384,0.025345791,13.943392256000001,0.025249792,0.004696063999997335,6.750000000000506e-05,0.004864000000001312,9.187600000000462e-05,3.76,0.21,0.05,0.02,0.0,-1.0,9.29,10
todo_list,OpenAI,o3-mini-high,2-few_shot,3,1,232,1,7,1,1,15,32,6.9780349731445e-07,4.436411857604981e-05,0.0009927494049072265,0.0009246401071548462,4.9939155578613e-07,5.0139427185059e-07,0.006492336000000001,0.00037204100000000004,0.440792292,0.000810749999999999,9.815388768,0.017751917,9.202147328,0.017270499999999998,0.004687872000001647,7.66240000000043e-05,0.004878336000000871,3.566799999999565e-05,3.83,0.22,0.02,0.03,0.0,-1.0,9.41,10
todo_list,Anthropic,Claude 3.7 Sonnet,2-few_shot,3,1,282,1,8,3,1,13,34,7.0908069610596e-07,0.0006273702144622803,0.0026450929164886475,0.0018255036115646362,5.1529407501221e-07,4.9829483032227e-07,0.006469876000000003,0.00030829199999999994,6.279389944,0.014862331999999999,26.461453311999996,0.045328168,18.212435968,0.032437248,0.005083135999996102,9.12000000000135e-06,0.004952064000001144,0.00018424799999999797,3.89,3.6,0.66,0.79,0.0,-1.0,6.53,10
todo_list,Google,Gemini 2.0 Pro Experimental,2-few_shot,3,1,260,1,7,1,1,21,26,7.0672035217285e-07,0.0006274524927139283,0.0014095043897628784,0.0014016786336898805,4.7967433929443e-07,4.9448013305664e-07,0.006504084,0.00034224999999999967,6.233680506,0.011415875999999998,14.448266751999999,0.027146336000000004,14.357766144000003,0.044590212,0.004800511999995649,3.479199999999183e-05,0.004902911999998594,0.00016466399999999493,3.81,3.75,0.02,0.02,0.0,-1.0,8.33,10
todo_list,OpenAI,o3-mini-high,2-few_shot,4,1,255,1,7,1,1,14,33,7.1778297424316e-07,4.393751621246338e-05,0.0009888152122497558,0.0009163203001022338,4.8158168792725e-07,4.9037933349609e-07,0.006633416,0.0003579999999999998,0.434526364,0.0010066659999999998,9.742990656,0.018642291,9.131659264000001,0.01641379,0.004751360000000204,4.337599999999775e-05,0.004919296000000628,6.629200000000252e-05,3.88,0.3,0.02,0.02,0.0,-1.0,9.44,10
todo_list,Anthropic,Claude 3.7 Sonnet,2-few_shot,4,1,263,1,9,1,1,14,33,1.14259719848633e-06,0.0014846122980117797,0.0009841754198074342,0.0009283277750015259,9.0470314025879e-07,5.0787925720215e-07,0.010334374,0.0005172500000000003,14.675778548,0.030288209000000003,9.889113088,0.015563415999999997,9.455822848,0.019985332,0.008601599999998655,1.958400000000304e-05,0.005072896000001492,0.00010237600000000124,5.12,3.52,0.25,0.25,0.0,-2.0,6.06,10
todo_list,Google,Gemini 2.0 Pro Experimental,2-few_shot,4,1,138,1,7,0,1,21,26,7.0309638977051e-07,4.387481212615967e-05,0.001399885606765747,0.0013887681007385255,4.7850608825684e-07,5.0320625305176e-07,0.006471752000000001,0.0003926669999999993,0.431704252,0.0008299580000000004,14.041355679999999,0.037161752000000006,13.894626304,0.026716000000000004,0.004681727999997776,0.00014249600000000584,0.004886528000000112,3.045599999999815e-05,3.76,0.24,0.02,0.02,0.0,-1.0,9.56,10
todo_list,OpenAI,o3-mini-high,2-few_shot,5,1,244,1,7,2,1,12,35,7.4930191040039e-07,4.354109764099121e-05,0.0009825603008270264,0.0009146596908569336,4.8801898956299e-07,4.9159526824951e-07,0.007084666,0.00034900000000000035,0.43611234,0.0033133339999999994,9.882417632000001,0.083512626,9.266132991999998,0.06693555200000001,0.004753408000002679,0.00010521599999999132,0.004988927999999504,3.595200000000576e-05,3.85,0.2,0.05,0.05,0.0,-1.0,9.46,10
todo_list,Anthropic,Claude 3.7 Sonnet,2-few_shot,5,1,271,2,9,1,1,18,29,8.1069469451904e-07,0.001541498303413391,0.0010914953947067261,0.000955513596534729,4.6660900115967e-07,5.0449371337891e-07,0.007656584000000001,0.00031362499999999967,15.396296822,0.031218832000000002,9.687908352000001,0.018311835999999998,9.238325247999999,0.017100288000000005,0.004581376000004411,1.628800000000319e-05,0.004956159999998988,7.891999999999622e-05,2.77,1.32,0.05,0.05,0.0,-3.0,6.83,10
todo_list,Google,Gemini 2.0 Pro Experimental,2-few_shot,5,1,222,1,7,1,1,21,26,7.2410106658936e-07,4.453458786010742e-05,0.0014615833044052124,0.001438987708091736,4.6041011810303e-07,4.8930644989014e-07,0.006441584,0.00039054099999999946,0.430674172,0.0005180410000000003,14.275124704,0.028286082999999997,14.155841535999999,0.025883500000000004,0.004659199999998975,8.77079999999919e-05,0.004837375999997562,7.591599999999532e-05,3.91,0.3,0.05,0.02,0.0,-1.0,9.17,10
todo_list,OpenAI,o3-mini-high,2-few_shot,6,1,240,1,7,3,1,12,35,7.2009563446045e-07,4.60669994354248e-05,0.001020315384864807,0.00095471670627594,4.9667358398438e-07,4.9879550933838e-07,0.007061163999999998,0.0003843329999999997,0.436813994,0.0007281249999999996,9.791926048,0.018208792,9.20850432,0.016619872000000004,0.00478412800000072,5.97480000000053e-05,0.004970495999998548,7.420799999999922e-05,3.91,0.3,0.03,0.02,0.0,-1.0,9.52,10
todo_list,Anthropic,Claude 3.7 Sonnet,2-few_shot,6,1,218,1,8,1,1,12,35,1.05650424957275e-06,0.0015229445934295655,0.0010372265100479126,0.0009680839300155639,8.8703632354736e-07,5.3000450134277e-07,0.010363583999999999,0.00048070799999999983,14.967143907999999,0.040879498,9.943857152000001,0.019253663999999997,9.370619904000002,0.016018164,0.008574975999998458,2.016800000000096e-05,0.005060608000000855,0.00022045599999999388,5.11,3.57,0.22,0.23,0.0,-2.0,6.88,10
todo_list,Google,Gemini 2.0 Pro Experimental,2-few_shot,6,1,133,1,7,0,1,21,26,6.519079208374e-07,6.570816040039e-08,0.0014086209058761596,0.001391768479347229,8.898079395294189e-05,1.17359161376953e-06,0.006281708,0.0003412910000000005,0.0006595840000000013,3.7500000000038e-07,13.881984376,0.028887166000000002,13.720647679999999,0.02588496,0.8727633919999995,0.0012726679999999907,0.011321343999998845,7.716800000000246e-05,3.38,0.0,0.02,0.02,0.0,-0.98,9.52,10
todo_list,OpenAI,o3-mini-high,2-few_shot,7,1,250,1,7,3,1,15,32,6.6049098968506e-07,0.00023827402591705321,0.0009775257110595703,0.0009181855916976929,4.7290325164795e-07,4.8897266387939e-07,0.006519832,0.00037645799999999965,2.25466364,0.005586625,9.748579584,0.018185999999999997,9.149766655999999,0.01600025,0.004655104000001131,4.03999999999682e-06,0.004919295999997075,0.0001898320000000009,3.82,1.28,0.02,0.02,0.0,-1.0,9.18,10
todo_list,Anthropic,Claude 3.7 Sonnet,2-few_shot,7,1,280,1,8,3,1,15,32,1.05099678039551e-06,0.001453971290588379,0.0009764224767684936,0.0009389762163162232,5.0477981567383e-07,5.0432682037354e-07,0.010137084000000001,0.0005413329999999997,14.767637088,0.033286375,9.931312128,0.018826084,9.227175935999995,0.015426248000000004,0.004734975999994617,3.83199999999528e-06,0.004968447999999626,0.0001353359999999998,4.27,3.2,0.22,0.25,0.0,-2.0,6.99,10
todo_list,Google,Gemini 2.0 Pro Experimental,2-few_shot,7,1,225,1,7,1,1,22,25,6.6449642181396e-07,4.366700649261475e-05,0.0014377213954925537,0.0013917887926101684,4.9479007720947e-07,4.9231052398682e-07,0.006350873999999999,0.00042920800000000037,0.42993233999999997,0.0008962080000000008,14.035195552000001,0.028372291,13.915267071999999,0.026527792,0.004685823999999172,7.553999999999894e-05,0.004880383999999793,6.633200000000228e-05,3.87,0.27,0.02,0.02,0.0,-1.0,9.61,10
todo_list,OpenAI,o3-mini-high,2-few_shot,8,1,223,1,7,1,1,17,30,7.1220397949219e-07,4.58294153213501e-05,0.0009853819131851196,0.0009182631969451904,4.8670768737793e-07,5.000114440918e-07,0.006566168000000001,0.0004439590000000007,0.43681028,0.0012256249999999993,9.769628288,0.019505833,9.186870272,0.013071167999999998,0.004659199999998975,5.250400000000183e-05,0.004861951999998837,3.241600000000039e-05,3.89,0.22,0.02,0.05,0.0,-1.0,9.12,10
todo_list,Anthropic,Claude 3.7 Sonnet,2-few_shot,8,1,204,1,7,1,1,18,29,6.950855255127e-07,0.0012744787216186523,0.0010247397899627686,0.0009695069789886475,4.96506690979e-07,5.0811767578125e-07,0.006489960000000003,0.0003789170000000003,12.758899798,0.021276540000000004,10.122313728,0.020232875999999997,9.490272256,0.014357703999999999,0.004804608000000599,1.912799999999326e-05,0.004861951999998837,7.228800000000368e-05,3.81,4.02,0.23,0.22,0.0,-1.0,6.58,10
todo_list,Google,Gemini 2.0 Pro Experimental,2-few_shot,8,1,219,1,7,1,1,15,32,7.1427822113037e-07,4.348909854888916e-05,0.0014087360143661498,0.0013911144256591797,4.6260356903076e-07,5.0008296966553e-07,0.006522916,0.00042633300000000096,0.438594384,0.001006041000000001,14.02617216,0.023301957999999998,13.925017599999999,0.025545416,0.004591615999999021,3.958399999999529e-05,0.0048742399999994745,5.746000000000223e-05,3.67,0.23,0.02,0.02,0.0,-1.0,9.18,10
todo_list,OpenAI,o3-mini-high,2-few_shot,9,1,270,1,7,2,1,15,32,7.3692798614502e-07,4.434356689453125e-05,0.0010156766891479493,0.0009465121984481811,4.7719478607178e-07,4.9400329589844e-07,0.007335584000000003,0.0007872920000000002,0.436589788,0.0007508749999999998,9.814203679999999,0.017694916,9.189354496,0.013881498000000003,0.004702208000001207,2.766800000000152e-05,0.004900863999999672,5.270799999999853e-05,3.89,0.2,0.04,0.02,0.0,-1.0,9.58,10
todo_list,Anthropic,Claude 3.7 Sonnet,2-few_shot,9,1,234,1,8,1,1,16,31,1.08611583709717e-06,0.0015004292011260986,0.001045348882675171,0.0010067496299743651,8.7430477142334e-07,5.2108764648437e-07,0.010555374,0.0004741249999999997,14.948573048,0.024501874,10.297639936,0.014413044,9.707065344,0.017771876,0.008617983999997136,1.187600000000788e-05,0.00502169600000002,0.00012429199999999807,4.89,3.59,0.22,0.23,0.0,-2.0,5.7,10
todo_list,Google,Gemini 2.0 Pro Experimental,2-few_shot,9,1,247,1,7,1,1,15,32,7.000207901001e-07,4.39323902130127e-05,0.0014776028871536255,0.0014174568891525269,5.0439834594727e-07,4.9090385437012e-07,0.006550418000000002,0.00030441600000000006,0.436787622,0.0007392499999999995,14.298040607999999,0.02314725,14.160980991999999,0.022566540000000003,0.0047759360000014794,6.933200000000528e-05,0.005054464000000536,4.399999999999543e-05,3.81,0.19,0.02,0.02,0.0,-1.0,9.28,10
todo_list,OpenAI,o3-mini-high,2-few_shot,10,1,254,1,7,2,1,13,34,7.3599815368652e-07,0.0008536507844924926,0.000986244511604309,0.0009295494794845581,4.7359466552734e-07,4.8160552978516e-07,0.006884792000000001,0.0004284579999999996,8.359694068,0.013459751,9.741098496,0.015266666000000002,9.160955903999998,0.013741956,0.004671487999999613,3.7600000000332e-07,0.004790272000001039,5.933200000000222e-05,3.84,3.8,0.24,0.25,0.0,-1.0,9.45,10
todo_list,Anthropic,Claude 3.7 Sonnet,2-few_shot,10,1,295,1,8,1,1,13,34,8.1717967987061e-07,0.0013185809850692748,0.000979075813293457,0.0009209890127182007,5.1171779632568e-07,4.9648284912109e-07,0.007551625999999999,0.00045008299999999956,13.162194340000001,0.024320790000000002,9.790697472000002,0.015133164000000005,9.225791488000002,0.014591623999999997,0.005107712000004483,1.262399999999581e-05,0.004909056000002465,0.00020079199999999825,4.16,3.39,0.22,0.23,0.0,-3.0,6.56,10
todo_list,Google,Gemini 2.0 Pro Experimental,2-few_shot,10,1,219,1,7,1,1,21,26,7.0111751556396e-07,4.347548484802246e-05,0.0014032944202423095,0.001392069411277771,4.7407150268555e-07,4.9159526824951e-07,0.006495956000000001,0.0004160419999999993,0.433543904,0.000715958,14.061572448,0.031438457999999996,13.910858752,0.021302584,0.004716543999997214,0.0001405400000000015,0.004896767999998275,3.462400000000393e-05,3.84,0.23,0.02,0.02,0.0,-1.0,9.07,10
todo_list,OpenAI,o3-mini-high,3-chain_of_thoughts-zero_shot,1,1,275,1,7,4,1,13,34,6.7789554595947e-07,4.383590221405029e-05,0.0010035283088684081,0.0009365867853164672,4.7340393066406e-07,4.7857761383057e-07,0.0063729580000000015,0.0004192499999999995,0.43935888,0.0009724160000000003,9.800451008,0.019106375,9.256057856000002,0.020383792,0.004661247999997897,4.125200000000551e-05,0.004771840000000083,4.866800000000171e-05,3.87,0.22,0.02,0.04,0.0,-1.0,9.48,10
todo_list,Anthropic,Claude 3.7 Sonnet,3-chain_of_thoughts-zero_shot,1,1,239,1,7,1,1,16,31,7.246732711792e-07,0.0006528804779052734,0.0011126282930374145,0.0009634443998336792,4.8828125e-07,4.9738883972168e-07,0.006863374000000002,0.00040691700000000056,6.172765655999999,0.012201375,10.203206656,0.018756623999999996,9.599242239999999,0.020700207999999998,0.004892672000000431,2.753999999999951e-05,0.004974591999999944,0.00010450000000000043,3.83,3.7,0.22,0.22,0.0,-1.0,6.36,10
todo_list,Google,Gemini 2.0 Pro Experimental,3-chain_of_thoughts-zero_shot,1,1,239,1,7,0,1,15,32,6.8538188934326e-07,4.371240139007568e-05,0.0014023944139480592,0.0013910627126693725,4.7910213470459e-07,5.1357746124268e-07,0.0064397499999999976,0.00030491700000000004,0.435029216,0.001089208999999999,14.057029152,0.026265040000000003,14.003786752,0.028813332000000004,0.0046510079999997345,7.125200000000775e-05,0.0048373760000011146,0.00011833199999999877,3.88,0.27,0.05,0.02,0.0,-1.0,9.07,10
todo_list,OpenAI,o3-mini-high,3-chain_of_thoughts-zero_shot,2,1,254,1,7,3,1,12,35,7.310152053833e-07,0.00023510909080505372,0.0010030120372772216,0.0009458122968673706,4.7087669372559e-07,4.9159526824951e-07,0.00689625,0.00033645799999999955,2.2592445000000003,0.004452207999999999,9.796959232,0.014485917,9.273172992,0.018400876,0.004667392000001769,0.00013625199999999643,0.004861951999998837,0.00015508399999999978,3.91,1.3,0.02,0.05,0.0,-1.0,8.17,10
todo_list,Anthropic,Claude 3.7 Sonnet,3-chain_of_thoughts-zero_shot,2,1,185,1,7,1,1,17,30,6.7739486694336e-07,0.0007519290208816529,0.0009789576292037964,0.00092048180103302,4.7862529754639e-07,5.1460266113281e-07,0.006373376,0.00041212500000000016,7.40504912,0.01244025,9.825198592,0.013848208,9.310932991999998,0.013835792,0.0048742399999994745,1.016400000000001e-05,0.0048742399999994745,0.00040129199999999754,3.78,3.56,0.22,0.23,0.0,-1.0,5.82,10
todo_list,Google,Gemini 2.0 Pro Experimental,3-chain_of_thoughts-zero_shot,2,1,224,1,7,1,1,21,26,6.8049430847168e-07,4.331109523773193e-05,0.001500358819961548,0.001456026601791382,4.7233104705811e-07,4.8933029174805e-07,0.006699,0.00030862499999999987,0.435081238,0.0007537919999999997,14.569639008000001,0.021946041,14.472017920000003,0.023094248,0.004556799999999583,1.675200000000182e-05,0.004810751999997365,0.00022562400000000066,3.85,0.19,0.05,0.02,0.0,-1.0,9.03,10
todo_list,OpenAI,o3-mini-high,3-chain_of_thoughts-zero_shot,3,1,264,1,7,2,1,12,35,7.4849128723145e-07,0.0006655387163162232,0.000983826208114624,0.0009280834674835205,4.791259765625e-07,5.0032138824463e-07,0.006867708,0.00046716599999999976,6.240365316,0.01108875,9.836383743999999,0.017654207999999998,9.265590272,0.012370000000000006,0.004788223999998564,1.145599999999997e-05,0.0049418239999994285,0.0001502079999999989,3.83,3.36,0.26,0.23,0.0,-3.0,9.34,10
todo_list,Anthropic,Claude 3.7 Sonnet,3-chain_of_thoughts-zero_shot,3,1,251,1,8,1,1,15,32,1.06160640716553e-06,0.0014983790874481201,0.0009874485731124877,0.0009301454305648804,8.7685585021973e-07,5.2940845489502e-07,0.010018332000000001,0.0006372909999999999,14.756978160000001,0.021654083999999997,9.908985856,0.012851373999999999,9.390790656000004,0.012203831999999998,0.008536064000004728,9.6679999999974e-06,0.005095424000003845,0.0001264160000000042,5.01,3.32,0.2,0.2,0.0,-3.0,6.22,10
todo_list,Google,Gemini 2.0 Pro Experimental,3-chain_of_thoughts-zero_shot,3,1,320,2,22,1,1,16,31,6.8068504333496e-07,4.383659362792969e-05,0.0015151416778564453,0.001496956706047058,4.7261714935303e-07,4.9889087677002e-07,0.006165499999999997,0.00030616699999999955,0.446004428,0.000673959,14.777924992,0.031603332,14.659373056,0.024559496000000007,0.004759552000002998,2.233199999999991e-05,0.005017599999998623,0.00010203999999999769,3.83,0.22,0.02,0.02,0.0,-3.0,9.47,10
todo_list,OpenAI,o3-mini-high,3-chain_of_thoughts-zero_shot,4,1,266,1,7,2,1,15,32,7.1549415588379e-07,4.442341327667236e-05,0.00099325692653656,0.0009246079921722412,4.9598217010498e-07,4.9600601196289e-07,0.0064835,0.00035041600000000096,0.433716408,0.0007440830000000013,9.776339552,0.017394374999999997,9.24821504,0.01461446,0.00469811199999981,4.5787999999998e-05,0.004880383999999793,3.250000000000475e-05,3.88,0.26,0.05,0.03,0.0,-1.0,9.26,10
todo_list,Anthropic,Claude 3.7 Sonnet,3-chain_of_thoughts-zero_shot,4,1,226,1,8,1,1,18,29,1.4265775680542e-06,0.0014663762092590332,0.0009839693069458007,0.0009281786203384399,8.7461471557617e-07,4.9750804901123e-07,0.013396668,0.0007789590000000001,14.582778984,0.027982668999999995,9.881797632,0.014254999999999997,9.390082048,0.01441362799999999,0.00864051199999949,0.00010279200000000432,0.004857856000000993,5.575199999999225e-05,5.58,4.06,0.19,0.2,0.0,-4.0,6.71,10
todo_list,Google,Gemini 2.0 Pro Experimental,3-chain_of_thoughts-zero_shot,4,1,323,2,14,1,1,16,31,6.7698955535889e-07,0.001302509093284607,0.0014404291868209838,0.0014280960083007813,4.8999786376953e-07,4.9741268157959e-07,0.006257749999999999,0.0003641670000000003,12.264428864,0.019500708,14.488983552,0.022179960000000002,14.400485375999999,0.028292124000000002,0.004911104000001387,9.32800000000289e-06,0.004923391999994919,4.341600000000445e-05,3.8,3.93,0.2,0.2,0.0,-1.0,8.27,10
todo_list,OpenAI,o3-mini-high,3-chain_of_thoughts-zero_shot,5,1,248,1,7,1,1,15,32,6.8275928497314e-07,4.425921440124511e-05,0.000991379690170288,0.0009221441030502319,4.6470165252686e-07,4.8880577087402e-07,0.006470873999999998,0.00039224999999999937,0.433520462,0.0006242090000000006,10.007918784,0.026883915,9.446371328,0.01504846,0.00466124800000145,0.0002524959999999979,0.004898815999997197,0.00011216800000000277,3.89,0.22,0.02,0.05,0.0,-1.0,9.24,10
todo_list,Anthropic,Claude 3.7 Sonnet,3-chain_of_thoughts-zero_shot,5,1,244,1,7,2,1,15,32,6.911039352417e-07,0.0006232055902481079,0.001427837324142456,0.0014023643970489503,5.0749778747559e-07,4.9841403961182e-07,0.0064437520000000005,0.0003721670000000005,6.182411492,0.012862249,14.044491263999998,0.021980043999999997,13.995241472000004,0.025808628,0.0050360319999995795,5.875199999999525e-05,0.004876288000005502,0.00012487999999999388,3.85,3.66,0.22,0.22,0.0,-1.0,7.21,10
todo_list,Google,Gemini 2.0 Pro Experimental,3-chain_of_thoughts-zero_shot,5,1,367,2,14,1,1,15,32,6.8681240081787e-07,4.380342960357666e-05,0.0014630545854568482,0.0014491997957229615,4.6970844268799e-07,4.9679279327393e-07,0.006390208000000001,0.00034004200000000047,0.434687706,0.0006697500000000002,14.481206176,0.024880624999999996,14.347167744,0.022835915999999998,0.004714495999998292,3.766799999999765e-05,0.004833279999999718,8.316799999999458e-05,3.77,0.2,0.02,0.02,0.0,-1.0,8.99,10
todo_list,OpenAI,o3-mini-high,3-chain_of_thoughts-zero_shot,6,1,289,1,7,3,1,12,35,7.544994354248e-07,0.0002789504051208496,0.000979454016685486,0.0009233684062957764,4.8739910125732e-07,4.9240589141846e-07,0.006969456000000002,0.00044724999999999973,2.267081772,0.005176584,10.034323200000001,0.013688209,9.502217216000002,0.015439498000000003,0.004702207999997654,1.683199999999441e-05,0.004993023999997348,5.137599999999881e-05,3.81,1.38,0.02,0.02,0.0,-2.0,9.66,10
todo_list,Anthropic,Claude 3.7 Sonnet,3-chain_of_thoughts-zero_shot,6,1,190,1,7,1,1,13,34,6.8202018737793e-07,0.0006271487951278686,0.001000910210609436,0.0009402878999710084,4.8301219940186e-07,4.9426555633545e-07,0.006343375999999998,0.00040929200000000034,6.232534115999999,0.015051917,10.220629503999998,0.015324419999999998,9.469902848,0.014676624,0.004929535999998791,1.599999999999518e-05,0.004986880000000582,0.0001923320000000034,3.66,3.47,0.23,0.23,0.0,-2.0,6.06,10
todo_list,Google,Gemini 2.0 Pro Experimental,3-chain_of_thoughts-zero_shot,6,1,266,2,12,1,1,15,32,6.8321228027344e-07,0.001244985008239746,0.0014511972904205322,0.001434143090248108,4.7919750213623e-07,4.9059391021729e-07,0.006222208,0.0004684170000000005,12.35531675,0.033374874,14.750133248000001,0.022371455999999998,14.702845952,0.023334503999999992,0.0048537599999960435,3.136800000000384e-05,0.004956159999998988,0.0001255440000000052,3.66,3.72,0.25,0.22,0.0,-1.0,8.84,10
todo_list,OpenAI,o3-mini-high,3-chain_of_thoughts-zero_shot,7,1,249,1,7,2,1,13,34,7.0731639862061e-07,4.42824125289917e-05,0.0010030122041702271,0.0009301892757415771,4.9610137939453e-07,4.9383640289307e-07,0.0070724180000000005,0.0003965830000000007,0.443521336,0.0007165000000000001,9.850663712,0.016819041,9.268703232,0.014623751999999997,0.00473497599999817,9.042000000000078e-05,0.0049070079999999905,0.00020512400000000097,3.83,0.2,0.02,0.03,0.0,-1.0,9.34,10
todo_list,Anthropic,Claude 3.7 Sonnet,3-chain_of_thoughts-zero_shot,7,1,211,1,8,1,1,18,29,1.3972282409668e-06,0.0015096453189849853,0.0009914634943008424,0.000948773193359375,9.5641613006592e-07,5.012035369873e-07,0.013752665999999997,0.0008120420000000007,14.634888384,0.022663876,9.857688576000001,0.013988292,9.335488512000001,0.016703124,0.008966143999998621,0.00010774799999999779,0.005044224000002373,7.033199999999934e-05,5.59,4.27,0.25,0.22,0.0,-4.0,5.92,10
todo_list,Google,Gemini 2.0 Pro Experimental,3-chain_of_thoughts-zero_shot,7,1,346,2,14,0,1,15,32,6.6871643066406e-07,4.426219463348389e-05,0.0014781580686569213,0.0014589499711990357,4.7249794006348e-07,5.0091743469238e-07,0.006498331999999999,0.00039387499999999926,0.439997988,0.0012268749999999997,14.499157856,0.02395875,14.375663615999999,0.022412208000000003,0.004624383999999537,1.450000000000062e-05,0.004894719999999353,5.462400000000311e-05,3.79,0.22,0.02,0.02,0.0,-1.0,8.64,10
todo_list,OpenAI,o3-mini-high,3-chain_of_thoughts-zero_shot,8,1,241,1,7,2,1,15,32,7.3719024658203e-07,0.0006309115886688233,0.0009790695905685426,0.0009425571918487549,5.0749778747559e-07,5.136251449585e-07,0.006734666,0.00036570800000000105,6.212704518000001,0.011052291999999998,9.782908416000001,0.015490916,9.262128128,0.017405000000000004,0.004831232000000796,7.66800000000234e-06,0.004900863999999672,0.00024408399999999858,3.89,3.72,0.2,0.2,0.0,-1.0,9.07,10
todo_list,Anthropic,Claude 3.7 Sonnet,3-chain_of_thoughts-zero_shot,8,1,254,1,7,2,1,17,30,7.3411464691162e-07,0.0006205239057540893,0.000975947904586792,0.0009354027032852173,5.0210952758789e-07,4.9147605895996e-07,0.006832043999999999,0.0004484160000000001,6.166200214000001,0.011843456999999998,10.081444351999998,0.016417,9.560552448,0.031369456,0.005109760000003405,8.83999999999607e-06,0.004890623999997956,0.00011966400000000543,3.74,3.7,0.23,0.23,0.0,-1.0,6.86,10
todo_list,Google,Gemini 2.0 Pro Experimental,3-chain_of_thoughts-zero_shot,8,1,394,2,14,0,1,12,35,6.8070888519287e-07,0.0012502615928649903,0.0014528262853622435,0.0014282257080078125,4.8329830169678e-07,4.9169063568115e-07,0.006511250000000003,0.00040295900000000134,12.376274272,0.019508333000000003,14.499735552,0.023528917999999996,14.429607936000004,0.027545375999999996,0.004902911999998594,9.79200000000846e-06,0.004878335999997319,7.491199999999643e-05,3.7,4.03,0.2,0.2,0.0,-1.0,8.48,10
todo_list,OpenAI,o3-mini-high,3-chain_of_thoughts-zero_shot,9,1,248,1,7,2,1,12,35,7.1890354156494e-07,0.00023464059829711914,0.0009872828006744386,0.0009245862007141114,4.601001739502e-07,4.9259662628174e-07,0.007000415999999999,0.0004347919999999998,2.3418916000000003,0.020596334,9.806267391999999,0.016129336000000005,9.281537023999999,0.014025504000000001,0.00467558400000101,0.00017362399999999722,0.00488448000000119,1.871199999999712e-05,3.86,1.3,0.02,0.02,0.0,-1.0,8.29,10
todo_list,Anthropic,Claude 3.7 Sonnet,3-chain_of_thoughts-zero_shot,9,1,230,1,8,1,1,19,28,1.36668682098389e-06,0.0014544247627258301,0.0009813910961151123,0.0009220575094223023,8.7671279907227e-07,4.9118995666504e-07,0.013197292000000003,0.0005669999999999989,14.65829604,0.027098043,10.100337664,0.018381124,9.605754879999996,0.015338128,0.008712192000004393,0.00045046399999999764,0.004939776000000506,6.003999999999732e-05,5.5,3.66,0.25,0.24,0.0,-4.0,5.87,10
todo_list,Google,Gemini 2.0 Pro Experimental,3-chain_of_thoughts-zero_shot,9,1,230,1,7,1,1,15,32,6.5779685974121e-07,0.001253713607788086,0.001463759708404541,0.001461596179008484,4.6749114990234e-07,4.8930644989014e-07,0.006330168000000001,0.0004116249999999988,12.295884612,0.020367333,14.673608704000001,0.022861582,14.461202431999997,0.027831664,0.004796415999997805,2.607999999999777e-05,0.004849663999998199,6.54159999999987e-05,3.86,3.95,0.22,0.24,0.0,-1.0,9.41,10
todo_list,OpenAI,o3-mini-high,3-chain_of_thoughts-zero_shot,10,1,229,1,7,2,1,12,35,7.3080062866211e-07,0.00023454818725585937,0.0010062562704086305,0.0009459362030029297,4.8320293426514e-07,5.0182342529297e-07,0.006980208000000002,0.0003803750000000005,2.315605252,0.017499417,9.817476608,0.015583456000000002,9.311194112,0.019008124,0.00468377600000025,8.383199999999896e-05,0.0048353280000021925,7.816800000000346e-05,3.85,1.34,0.05,0.05,0.0,-1.0,9.64,10
todo_list,Anthropic,Claude 3.7 Sonnet,3-chain_of_thoughts-zero_shot,10,1,198,1,7,1,1,17,30,7.3919296264648e-07,0.0006215635776519776,0.001006639814376831,0.0009719091176986695,4.9359798431396e-07,4.951000213623e-07,0.0068080000000000016,0.0002967920000000006,6.204089152,0.013609458999999999,10.135403519999999,0.01664446,9.8038016,0.09151779199999999,0.005044224000002373,2.633600000001568e-05,0.004966399999997151,8.432799999999463e-05,3.67,3.68,0.22,0.22,0.0,-1.0,6.15,10
todo_list,Google,Gemini 2.0 Pro Experimental,3-chain_of_thoughts-zero_shot,10,1,219,1,7,1,1,24,23,6.6030025482178e-07,4.367918968200684e-05,0.0014480194091796876,0.001422145676612854,4.7268867492676e-07,4.8749446868896e-07,0.006596583999999999,0.00042462499999999966,0.439186906,0.0009383329999999995,14.302963072,0.06430387800000001,14.116997119999999,0.295399472,0.004790271999997486,0.00028537600000000385,0.00502169600000002,0.00015993600000002717,3.83,0.3,0.02,0.02,0.0,-1.0,9.26,10
todo_list,OpenAI,o3-mini-high,4-chain_of_thoughts-few_shot,1,1,248,1,7,2,1,12,35,6.8011283874512e-07,4.502601623535156e-05,0.0009831079959869385,0.0009144302129745483,4.7969818115234e-07,4.9412250518799e-07,0.0066400819999999985,0.00036062499999999983,0.43106629599999996,0.0008357499999999997,9.774236864,0.016429749,9.24461568,0.015525415999999997,0.00471244799999937,7.233599999999923e-05,0.004843519999997881,0.0001019160000000005,3.81,0.3,0.04,0.05,0.0,-1.0,9.44,10
todo_list,Anthropic,Claude 3.7 Sonnet,4-chain_of_thoughts-few_shot,1,1,258,1,8,1,1,12,35,1.39410495758057e-06,0.0013093000888824463,0.0009832006216049195,0.0009236611127853393,8.7511539459229e-07,4.9970149993896e-07,0.01315392,0.0005849590000000012,13.496738472,0.03539766700000001,9.881298944,0.014029416000000003,9.381711871999997,0.012883163999999996,0.00873471999999964,0.0005987920000000008,0.00497254399999747,6.971199999999955e-05,5.52,3.48,0.21,0.27,0.0,-4.0,6.6,10
todo_list,Google,Gemini 2.0 Pro Experimental,4-chain_of_thoughts-few_shot,1,1,220,1,7,0,1,21,26,6.7920684814453e-07,4.330768585205078e-05,0.0014623282909393312,0.001450301194190979,4.7507286071777e-07,4.8928260803223e-07,0.0064392500000000005,0.00034858299999999953,0.433363762,0.0009632919999999993,14.726332800000002,0.02703,14.603091968,0.022844460000000004,0.004679679999998854,5.120799999999703e-05,0.0048742399999994745,0.00013512400000000035,3.81,0.3,0.02,0.06,0.0,-1.0,9.07,10
todo_list,OpenAI,o3-mini-high,4-chain_of_thoughts-few_shot,2,1,267,1,7,2,1,12,35,7.9197883605957e-07,0.00023959400653839112,0.0009825176000595093,0.0009200547218322754,4.734992980957e-07,4.9369335174561e-07,0.007052915999999999,0.0004243749999999994,2.299137806,0.010488541,9.781287168,0.015210373999999999,9.251811328,0.015535915999999997,0.0046120960000024525,0.00016470799999999952,0.004880383999999793,4.858399999999735e-05,3.91,1.2,0.06,0.02,0.0,-1.0,9.05,10
todo_list,Anthropic,Claude 3.7 Sonnet,4-chain_of_thoughts-few_shot,2,1,223,1,7,1,1,12,35,7.0400238037109e-07,0.000624477505683899,0.0014108588933944702,0.0013854480028152466,4.8339366912842e-07,5.0418376922607e-07,0.006445416000000002,0.00029370800000000016,6.178243368,0.014702209,14.245675008000003,0.022102292000000003,14.11442688,0.022976080000000003,0.004726783999998929,9.36799999999571e-06,0.004866047999996681,0.00012653599999999654,3.8,3.52,0.23,0.28,0.0,-1.0,8.0,10
todo_list,Google,Gemini 2.0 Pro Experimental,4-chain_of_thoughts-few_shot,2,1,226,1,7,0,1,16,31,6.8020820617676e-07,0.001221132230758667,0.0014545593738555908,0.0014395939826965332,4.889965057373e-07,4.9500465393066e-07,0.006226500000000003,0.0004497500000000005,12.154957716,0.019396709999999998,14.640272384000001,0.024410748000000003,14.398883840000003,0.025394752,0.004767743999998686,2.991200000000693e-05,0.0048742399999994745,4.004800000000086e-05,3.91,3.72,0.26,-3.34,0.0,-1.0,9.67,10
todo_list,OpenAI,o3-mini-high,4-chain_of_thoughts-few_shot,3,1,254,1,7,2,1,15,32,7.1730613708496e-07,0.00023573529720306396,0.0009818238258361817,0.0009215633869171143,4.6348571777344e-07,4.9190521240234e-07,0.006423790000000002,0.0003807919999999996,2.337067316,0.020532,10.595188735999999,0.016775958,10.052732928,0.016894336000000003,0.004657152000000053,0.00035379199999999167,0.0048517119999971214,8.18360000000018e-05,3.83,1.38,0.03,0.05,0.0,-1.0,9.41,10
todo_list,Anthropic,Claude 3.7 Sonnet,4-chain_of_thoughts-few_shot,3,1,232,1,7,3,1,15,32,7.2460174560547e-07,4.334969520568848e-05,0.001004231595993042,0.0009416537046432495,4.8019886016846e-07,4.979133605957e-07,0.006798334,0.00047095799999999875,0.446237756,0.0006493749999999989,9.869809472,0.016520042,9.381322752,0.015237375999999997,0.004644863999999416,1.054000000000332e-05,0.004855808000002071,7.21279999999977e-05,3.82,0.33,0.24,0.23,0.0,-1.0,7.2,10
todo_list,Google,Gemini 2.0 Pro Experimental,4-chain_of_thoughts-few_shot,3,1,220,1,7,1,1,18,29,7.0981979370117e-07,4.345390796661377e-05,0.0014553580045700073,0.0014369041919708252,4.7140121459961e-07,4.8718452453613e-07,0.006580416000000002,0.0003709170000000001,0.43261783,0.0009050420000000009,14.757784383999999,0.029197708000000003,14.609729536,0.022408459999999998,0.0046161920000002965,1.26680000000004e-05,0.004823040000001555,8.412400000000486e-05,3.79,0.2,0.08,0.03,0.0,-1.0,9.31,10
todo_list,OpenAI,o3-mini-high,4-chain_of_thoughts-few_shot,4,1,243,1,7,3,1,14,33,7.3659420013428e-07,0.0002337325096130371,0.0010014416933059693,0.0009402377128601074,4.7330856323242e-07,4.9340724945068e-07,0.007081167999999999,0.00031054200000000046,2.298350504,0.010782208,10.677293056,0.17113229,10.007856128,0.16582462399999998,0.004718591999999688,4.56000000000345e-05,0.004927487999999869,7.900799999999153e-05,3.89,1.3,0.02,0.02,0.0,-1.0,9.07,10
todo_list,Anthropic,Claude 3.7 Sonnet,4-chain_of_thoughts-few_shot,4,1,197,1,7,1,1,19,28,6.8957805633545e-07,0.0006284443855285645,0.0009786159753799439,0.0009186773061752319,5.0787925720215e-07,5.0292015075684e-07,0.006420415999999998,0.0003392920000000006,6.24511882,0.012481,9.861323775999999,0.016597457999999995,9.289480192,0.015728123999999996,0.005181440000001203,4.62400000000168e-06,0.00500736000000046,9.541600000000094e-05,3.9,3.44,0.22,0.28,0.0,-1.0,5.71,10
todo_list,Google,Gemini 2.0 Pro Experimental,4-chain_of_thoughts-few_shot,4,1,243,1,7,0,1,15,32,6.709098815918e-07,0.0012316648960113525,0.0014572784185409545,0.001485117220878601,5.0158500671387e-07,5.1002502441406e-07,0.006253458,0.0003333329999999999,12.548390104,0.025567083,14.564446208,0.024236372,14.475454464000002,0.02386232800000001,0.004829184000001874,3.28800000000407e-06,0.005025792000004969,9.995200000000037e-05,3.76,4.03,0.28,0.25,0.0,-1.0,9.13,10
todo_list,OpenAI,o3-mini-high,4-chain_of_thoughts-few_shot,5,1,234,1,7,1,1,12,35,7.4100494384766e-07,4.432687759399414e-05,0.0009850019693374635,0.0009183351039886475,4.7879219055176e-07,5.0742626190186e-07,0.006916749999999999,0.0003518329999999993,0.43272122,0.0008492090000000001,9.791020959999999,0.019360459000000003,9.259812864,0.017304792000000003,0.0046878719999980945,5.528800000000056e-05,0.004859903999999915,9.1252e-05,3.85,0.3,0.06,0.05,0.0,-1.0,9.13,10
todo_list,Anthropic,Claude 3.7 Sonnet,4-chain_of_thoughts-few_shot,5,1,244,1,7,1,1,13,34,6.9119930267334e-07,0.0006251404047012329,0.00099566330909729,0.0009177660703659058,5.0580501556396e-07,4.9750804901123e-07,0.0064413319999999975,0.00030720900000000013,6.180849472,0.012639625,9.852417535999997,0.021865541999999998,9.325278208,0.016903747999999996,0.005140479999997893,8.233599999999536e-05,0.004941824000002981,0.00010000000000000286,3.82,3.69,0.25,0.23,0.0,-1.0,6.64,10
todo_list,Google,Gemini 2.0 Pro Experimental,4-chain_of_thoughts-few_shot,5,1,208,1,7,0,1,21,26,6.8848133087158e-07,4.371452331542969e-05,0.0014998124837875366,0.001454772400856018,4.7140121459961e-07,4.8980712890625e-07,0.006380710000000001,0.00032466699999999984,0.431912406,0.0007743340000000007,14.962621696000001,0.026728168,14.814419968000001,0.0243055,0.00469811199999981,1.079199999999558e-05,0.004829184000001874,8.737600000000012e-05,3.84,0.33,0.08,0.09,0.0,-1.0,9.19,10
todo_list,OpenAI,o3-mini-high,4-chain_of_thoughts-few_shot,6,1,231,1,7,2,1,15,32,6.8840980529785e-07,4.475839138031006e-05,0.0010369781017303466,0.0009639441967010498,4.8477649688721e-07,4.8630237579346e-07,0.006731750000000002,0.0003006249999999988,0.431777208,0.0008107089999999997,9.963278048000001,0.015754333,9.392719872,0.01465325,0.00467558400000101,3.283199999999653e-05,0.004864000000001312,3.683599999999843e-05,3.89,0.14,0.05,0.02,0.0,-1.0,9.45,10
todo_list,Anthropic,Claude 3.7 Sonnet,4-chain_of_thoughts-few_shot,6,1,268,1,8,2,1,13,34,1.04289054870605e-06,0.0014914121866226196,0.0009850486040115358,0.0009486125230789184,8.7900161743164e-07,5.2380561828613e-07,0.010018834,0.00047516599999999996,14.641475828,0.027342501,9.915271168000002,0.014129252000000002,9.410850816000004,0.012585959999999993,0.008630271999997774,2.541600000000033e-05,0.005251072000000079,9.462799999999938e-05,4.97,3.58,0.23,0.25,0.0,-2.0,6.5,10
todo_list,Google,Gemini 2.0 Pro Experimental,4-chain_of_thoughts-few_shot,6,1,236,1,7,1,1,21,26,6.5536499023438e-07,0.0012342132091522216,0.0014540441989898682,0.0014294109106063842,4.8420429229736e-07,4.871129989624e-07,0.006320416000000002,0.00033825,12.191446255999999,0.019643248999999998,14.598829056,0.022152208000000003,14.467864576,0.041204912,0.004841472000002511,8.49599999999673e-06,0.0048742399999994745,8.683199999999502e-05,3.8,3.97,0.22,0.24,0.0,-1.0,9.28,10
todo_list,OpenAI,o3-mini-high,4-chain_of_thoughts-few_shot,7,1,225,1,7,1,1,12,35,7.5209140777588e-07,0.00042524809837341307,0.0009796369075775148,0.0009197431087493897,4.7199726104736e-07,4.8911571502686e-07,0.007018,0.00033549999999999986,3.7782139519999998,0.00997804,10.210348032,0.012620334,9.667677184000002,0.019826250000000004,0.004726783999998929,1.816799999999896e-05,0.004937727999998032,4.416799999999721e-05,3.91,0.77,0.08,0.06,0.0,-1.0,9.26,10
todo_list,Anthropic,Claude 3.7 Sonnet,4-chain_of_thoughts-few_shot,7,1,256,1,9,1,1,12,35,7.8709125518799e-07,0.001503052306175232,0.0010192395210266113,0.0009559668064117432,6.371021270752e-07,4.9898624420166e-07,0.007123750000000002,0.00040862499999999927,14.765701276,0.047333167999999995,9.861088256,0.013388039999999997,9.501067264,0.015152079999999998,0.006156287999999677,1.558399999999904e-05,0.00509542399999674,3.641599999999745e-05,4.21,3.37,0.25,0.24,1.09,-3.0,6.08,10
todo_list,Google,Gemini 2.0 Pro Experimental,4-chain_of_thoughts-few_shot,7,1,226,1,7,0,1,21,26,6.9842338562012e-07,4.385390281677246e-05,0.001448261308670044,0.00143435640335083,4.7812461853027e-07,4.9941539764404e-07,0.006432210000000001,0.0003112499999999999,0.43686566000000004,0.0009316670000000006,15.626255968,0.025101125000000002,15.042352127999997,0.023239252000000002,0.004636672000000175,1.774800000000493e-05,0.004843520000001433,5.487600000000231e-05,3.84,0.33,0.03,0.02,0.0,-1.0,9.08,10
todo_list,OpenAI,o3-mini-high,4-chain_of_thoughts-few_shot,8,1,228,1,7,1,1,15,32,6.8619251251221e-07,4.444530010223389e-05,0.001010743999481201,0.0009415627956390381,4.7497749328613e-07,4.9359798431396e-07,0.006532457999999998,0.0005361250000000001,0.436277284,0.0010165420000000005,10.264978528,0.029960707999999996,9.650676736,0.015483500000000004,0.004788224000002117,0.0001297079999999992,0.005019648000001098,8.274800000000054e-05,3.91,0.17,0.02,0.02,0.0,-1.0,8.85,10
todo_list,Anthropic,Claude 3.7 Sonnet,4-chain_of_thoughts-few_shot,8,1,260,1,7,2,1,21,26,7.2729587554932e-07,0.0006282979011535644,0.0009872561931610108,0.0009206862926483154,5.173921585083e-07,5.1620006561279e-07,0.006381044000000002,0.00035508300000000083,6.278840412,0.031434498,9.853453312000001,0.020622292,9.308593152,0.016215248,0.005095424000000293,7.79200000000646e-06,0.004929536000002344,7.391199999999543e-05,3.69,3.8,0.23,0.23,0.0,-1.0,6.88,10
todo_list,Google,Gemini 2.0 Pro Experimental,4-chain_of_thoughts-few_shot,8,1,377,2,14,0,1,15,32,6.7477226257324e-07,0.001257152271270752,0.0014633147954940795,0.0014342870950698854,4.9037933349609e-07,4.9459934234619e-07,0.006260042,0.000315166999999999,12.691969982,0.028398459999999997,14.495710208,0.045869336000000004,14.375204864,0.021960168000000002,0.0049479680000033,1.291200000000381e-05,0.004878335999997319,0.0002929199999999882,3.84,4.09,0.22,0.25,0.0,-1.0,8.01,10
todo_list,OpenAI,o3-mini-high,4-chain_of_thoughts-few_shot,9,1,240,1,7,1,1,12,35,7.2839260101318e-07,4.390490055084228e-05,0.0010209805250167847,0.0009254051685333252,4.9700736999512e-07,4.9147605895996e-07,0.0069431239999999984,0.000326250000000001,0.439259008,0.0011098749999999998,9.804940096,0.017077626,9.257877504000001,0.018021289999999995,0.004624383999999537,9.950000000000236e-05,0.004827135999999399,6.629199999999558e-05,3.83,0.33,0.06,0.03,0.0,-1.0,8.93,10
todo_list,Anthropic,Claude 3.7 Sonnet,4-chain_of_thoughts-few_shot,9,1,287,1,9,1,1,13,34,2.1759033203125e-06,0.0014838865041732789,0.0009850373029708862,0.0009261781215667724,8.9762210845947e-07,5.0592422485352e-07,0.020584959999999996,0.0005097079999999993,14.721055816,0.039527916999999996,10.140671999999999,0.021627212000000007,9.643563007999997,0.020927664,0.008638464000000567,0.00037207999999999686,0.00499712000000585,6.275199999999925e-05,5.52,4.27,0.34,0.34,0.0,-4.0,5.69,10
todo_list,Google,Gemini 2.0 Pro Experimental,4-chain_of_thoughts-few_shot,9,1,202,1,7,0,1,21,26,6.666898727417e-07,4.383132457733155e-05,0.001426055407524109,0.001408712100982666,4.7957897186279e-07,4.8439502716064e-07,0.006495707999999999,0.00034033299999999995,0.43167708,0.0008940419999999994,14.754291775999999,0.030310873999999995,14.515649536,0.027150624000000005,0.0047452159999998855,5.008399999999191e-05,0.005029887999999261,4.666799999999971e-05,3.7,0.22,0.03,0.03,0.0,-1.0,9.08,10
todo_list,OpenAI,o3-mini-high,4-chain_of_thoughts-few_shot,10,1,237,1,7,2,1,12,35,7.2529315948486e-07,0.000391910195350647,0.0010197236061096192,0.0009637711048126221,4.8110485076904e-07,5.0070285797119e-07,0.007505042,0.0006391669999999995,3.899737654,0.10263587700000001,10.294556671999999,0.07699251200000001,9.710030847999999,0.013447199999999992,0.004694016000001966,2.646400000000382e-05,0.004947967999999747,2.68800000000069e-05,3.91,0.78,0.02,0.02,0.0,-1.0,9.72,10
todo_list,Anthropic,Claude 3.7 Sonnet,4-chain_of_thoughts-few_shot,10,1,262,1,8,1,1,18,29,1.09062194824219e-06,0.0014899574995040894,0.0010059549808502197,0.0009364650964736939,8.2857608795166e-07,5.1510334014893e-07,0.010375748,0.0005934160000000011,14.725496824,0.022865458,10.140075008,0.013016291999999999,9.437052928,0.011780543999999997,0.00849305600000605,2.896000000000148e-05,0.004909056000002465,0.00014916799999999814,5.06,3.59,0.22,0.22,0.0,-2.0,6.47,10
todo_list,Google,Gemini 2.0 Pro Experimental,4-chain_of_thoughts-few_shot,10,1,285,2,10,0,1,16,31,8.2650184631348e-07,0.0015486763000488281,0.0012438229084014893,0.001253743577003479,4.7249794006348e-07,5.0790309906006e-07,0.007917668,0.0003237499999999994,15.4853081,0.037694376,12.426309631999999,0.020539832,12.257167359999997,0.018307835999999994,0.00457523200000054,3.533599999999693e-05,0.004894720000002906,9.537599999999424e-05,2.77,1.31,0.02,0.02,0.0,-3.0,9.18,10
todo_list,OpenAI,o3-mini-high,5-role-zero_shot,1,1,251,1,7,2,1,12,35,7.4570178985596e-07,0.0003928976058959961,0.0009906388998031615,0.0009205889940261841,4.6451091766357e-07,4.8398971557617e-07,0.006957708,0.00044929200000000044,3.798515408,0.006108209,9.811609088,0.012403500999999999,9.185685504000002,0.013919666000000004,0.0046141440000013745,2.208000000000071e-05,0.004876288000001949,0.0001360840000000016,3.9,0.84,0.02,0.05,0.0,-1.0,9.53,10
todo_list,Anthropic,Claude 3.7 Sonnet,5-role-zero_shot,1,1,185,1,7,0,1,13,34,6.7629814147949e-07,4.374682903289795e-05,0.0009971632957458496,0.0009229939937591553,5.014181137085e-07,5.0220489501953e-07,0.0064565440000000016,0.00039133300000000065,0.432664846,0.0006882500000000005,10.057616128,0.019698125,9.661090816,0.013721415999999997,0.004925440000000947,2.241600000000427e-05,0.004913152000000309,0.0001216640000000005,3.91,0.29,0.22,0.23,0.0,-1.0,5.52,10
todo_list,Google,Gemini 2.0 Pro Experimental,5-role-zero_shot,1,1,140,1,7,0,1,15,32,6.7121982574463e-07,4.336161613464356e-05,0.0014513481855392455,0.001436569595336914,4.7261714935303e-07,4.9049854278564e-07,0.006435956,0.00038691600000000017,0.430631576,0.0006865839999999996,14.569823807999999,0.04390196,14.374891520000002,0.020883580000000006,0.004800511999999202,4.346400000000694e-05,0.004939776000000506,8.916000000000479e-05,3.84,0.2,0.02,0.02,0.0,-1.0,8.89,10
todo_list,OpenAI,o3-mini-high,5-role-zero_shot,2,1,250,1,7,3,1,15,32,7.267951965332e-07,4.358980655670166e-05,0.0010331436157226563,0.0009374106884002686,4.9259662628174e-07,4.9221515655518e-07,0.006844791999999999,0.0004973750000000004,0.432447868,0.0006193750000000001,10.153684351999999,0.016436125000000003,9.523492864,0.013252084,0.0047083520000015255,5.008399999999885e-05,0.004861951999998837,5.662799999999607e-05,3.83,0.22,0.05,0.02,0.0,-1.0,9.52,10
todo_list,Anthropic,Claude 3.7 Sonnet,5-role-zero_shot,2,1,139,1,7,0,1,13,34,6.7629814147949e-07,0.0006232680082321167,0.0009731391906738281,0.0009155951023101807,5.0399303436279e-07,4.9798488616943e-07,0.006382500000000003,0.00036558300000000005,6.261063944,0.022194083,9.776237056,0.014342831999999996,9.268799487999999,0.03940195999999999,0.005048320000000217,8.75200000000076e-06,0.004915199999999231,0.00015320799999998802,3.83,3.67,0.25,0.22,0.0,-1.0,5.56,10
todo_list,Google,Gemini 2.0 Pro Experimental,5-role-zero_shot,2,1,218,1,7,1,1,21,26,6.8128108978271e-07,4.353752136230469e-05,0.001400740909576416,0.0013900043964385986,4.7111511230469e-07,4.8470497131348e-07,0.006372166000000002,0.00040149999999999995,0.435049424,0.0011674580000000006,13.98451744,0.021705125999999998,13.880050688,0.020519581999999998,0.004659199999998975,7.38760000000005e-05,0.004829183999998321,0.00011346000000000273,3.77,0.2,0.05,0.05,0.0,-1.0,9.2,10
todo_list,OpenAI,o3-mini-high,5-role-zero_shot,3,1,265,1,7,2,1,15,32,7.3602199554443e-07,4.356491565704346e-05,0.000985658597946167,0.0009179112911224365,4.6100616455078e-07,4.9221515655518e-07,0.0068462079999999995,0.00046991700000000025,0.433434824,0.0006178329999999999,9.743922944,0.015129751000000002,9.128015872000002,0.01368908,0.004536319999999705,5.579199999999895e-05,0.004849664000001752,6.495999999999585e-05,3.8,0.22,0.02,0.02,0.0,-1.0,9.54,10
todo_list,Anthropic,Claude 3.7 Sonnet,5-role-zero_shot,3,1,199,1,7,1,1,13,34,7.2450637817383e-07,0.0006197581052780151,0.0009966753005981445,0.0009374184846878052,4.9641132354736e-07,4.9741268157959e-07,0.006580625999999999,0.00035029099999999997,6.211017814,0.011139290999999999,9.738186752,0.013465041999999997,9.131680767999999,0.01355858,0.004876287999998397,1.204399999999578e-05,0.004851712000000674,0.00010508399999999835,3.88,3.55,0.22,0.22,0.0,-1.0,5.91,10
todo_list,Google,Gemini 2.0 Pro Experimental,5-role-zero_shot,3,1,218,1,7,1,1,22,25,6.8528652191162e-07,4.344861507415772e-05,0.0014153756141662597,0.0013877529859542847,4.7898292541504e-07,5.0368309020996e-07,0.006305166000000001,0.0003910410000000008,0.43556222,0.0005775419999999986,14.245400576,0.026929332,14.092142592,0.021297664,0.0046530559999986565,7.200000000000262e-05,0.0048373760000011146,4.492000000000385e-05,3.76,0.3,0.02,0.02,0.0,-1.0,9.21,10
todo_list,OpenAI,o3-mini-high,5-role-zero_shot,4,1,225,1,7,1,1,15,32,7.1580410003662e-07,0.0006573797941207886,0.0010511922836303712,0.0009912623882293702,4.716157913208e-07,5.0079822540283e-07,0.006520210000000002,0.00036991599999999965,6.204923372,0.010283041000000001,9.835538944,0.014237665999999996,9.226378239999999,0.013259456000000003,0.004679679999998854,4.000000000004e-06,0.004868095999999156,4.716399999999538e-05,3.84,3.8,0.22,0.25,0.0,-1.0,9.35,10
todo_list,Anthropic,Claude 3.7 Sonnet,5-role-zero_shot,4,1,138,1,7,0,1,17,30,7.5168609619141e-07,0.0006251760005950927,0.0009818244218826294,0.0009262399911880493,4.7550201416016e-07,4.8811435699463e-07,0.0073491259999999975,0.0003774160000000002,6.258614682,0.020457749999999997,10.27616,0.014024666000000002,9.725106175999997,0.014088208000000005,0.004632575999998778,1.433200000000578e-05,0.004775935999997927,0.0001668760000000033,3.82,3.8,0.27,0.22,0.0,-1.0,5.35,10
todo_list,Google,Gemini 2.0 Pro Experimental,5-role-zero_shot,4,1,223,1,7,1,1,22,25,6.9198608398438e-07,4.341437816619873e-05,0.0015498808860778808,0.0015340169906616211,4.7719478607178e-07,4.9407482147217e-07,0.006261581999999998,0.0003177079999999999,0.437979992,0.0007117499999999997,14.80048688,0.034876707,14.609957887999999,0.021772623999999997,0.004679679999998854,5.996000000001167e-05,0.004919296000000628,5.274800000000524e-05,3.69,0.28,0.02,0.02,0.0,-1.0,9.01,10
todo_list,OpenAI,o3-mini-high,5-role-zero_shot,5,1,252,1,7,2,1,14,33,7.5829029083252e-07,0.0006410202026367188,0.0010177839756011964,0.0009388367891311646,4.8110485076904e-07,4.9500465393066e-07,0.007036916000000001,0.0003710829999999995,6.218762399999999,0.009953583,10.393777151999998,0.015836668,9.759906815999997,0.014678707999999999,0.004853759999999596,3.79199999999552e-06,0.0048721920000005525,9.029599999999666e-05,3.89,3.77,0.23,0.25,0.0,-1.0,8.95,10
todo_list,Anthropic,Claude 3.7 Sonnet,5-role-zero_shot,5,1,199,1,8,0,1,14,33,1.07500553131104e-06,0.0015024559259414674,0.001021189022064209,0.0009618483066558838,8.7587833404541e-07,5.0461292266846e-07,0.009994542000000002,0.0004239170000000002,14.805645072,0.02206254,9.792535551999999,0.020032416,9.213302784000003,0.013677751999999994,0.008833023999997636,4.60800000000039e-05,0.004990975999994873,0.00012583600000000417,4.16,3.23,0.23,0.22,0.8,-2.0,4.83,10
todo_list,Google,Gemini 2.0 Pro Experimental,5-role-zero_shot,5,1,197,1,7,0,1,22,25,6.8750381469727e-07,4.376900196075439e-05,0.0014534697771072388,0.0014135475873947143,4.7540664672852e-07,4.906177520752e-07,0.006394876000000001,0.00035237500000000026,0.43389205200000003,0.0007611249999999996,14.246789631999999,0.021983250000000003,14.100274176,0.02028846,0.00469811199999981,3.337600000000163e-05,0.004859903999999915,3.379200000000471e-05,3.85,0.33,0.02,0.02,0.0,-1.0,9.38,10
todo_list,OpenAI,o3-mini-high,5-role-zero_shot,6,1,265,1,7,2,1,12,35,7.6048374176025e-07,0.0002561970949172974,0.0009958361625671387,0.0009353791952133179,4.6589374542236e-07,4.8980712890625e-07,0.007010208,0.00034008400000000005,2.257594404,0.0045942920000000016,10.03541376,0.023454665,9.361434624,0.01841942,0.004534272000000783,4.300000000000137e-05,0.004841472000002511,4.966800000000271e-05,3.8,1.33,0.02,0.02,0.0,-1.0,9.35,10
todo_list,Anthropic,Claude 3.7 Sonnet,5-role-zero_shot,6,1,201,1,8,1,1,13,34,1.06418132781982e-06,0.0014505898237228395,0.0009740176200866699,0.0009149265050888061,4.7628879547119e-07,4.9548149108887e-07,0.010049624,0.0003524999999999995,14.738608738,0.033981376,9.721498624000002,0.014371251999999994,9.161213952,0.013439420000000007,0.0047820799999982455,1.703999999999595e-05,0.004921343999995997,0.00011766400000000343,4.15,3.23,0.21,0.23,0.0,-2.0,5.71,10
todo_list,Google,Gemini 2.0 Pro Experimental,5-role-zero_shot,6,1,209,1,7,1,1,22,25,6.9189071655273e-07,4.339339733123779e-05,0.0014186323881149293,0.0014037252187728882,4.7640800476074e-07,4.9469470977783e-07,0.0063827499999999995,0.0003757090000000001,0.436658846,0.0005993329999999988,14.047471968,0.024363542000000002,13.932156928,0.02650242,0.00464691200000189,0.00024133600000000172,0.004845568000000355,7.36240000000013e-05,3.83,0.24,0.05,0.04,0.0,-1.0,8.97,10
todo_list,OpenAI,o3-mini-high,5-role-zero_shot,7,1,226,1,7,1,1,12,35,7.2617530822754e-07,0.000386320686340332,0.0009745828151702881,0.000922240686416626,4.7149658203125e-07,4.8329830169678e-07,0.007044252000000001,0.00045079100000000073,3.7754563159999996,0.006178334000000001,9.785966848,0.013482374,9.186693120000001,0.014471628,0.004700159999998732,1.012800000000508e-05,0.004855808000002071,4.970799999999553e-05,3.86,0.78,0.05,0.02,0.0,-1.0,9.51,10
todo_list,Anthropic,Claude 3.7 Sonnet,5-role-zero_shot,7,1,139,1,7,0,1,14,33,6.7887306213379e-07,0.0006211376190185546,0.0009976233005523681,0.0009346467971801757,5.0828456878662e-07,4.9769878387451e-07,0.006409376000000001,0.000309625,6.238876844,0.010791124999999999,9.974283264,0.014369708000000002,9.371269119999997,0.014528084000000004,0.005048320000000217,3.895600000000665e-05,0.004925440000000947,0.00018579199999999713,3.69,3.77,0.22,0.22,0.0,-1.0,6.17,10
todo_list,Google,Gemini 2.0 Pro Experimental,5-role-zero_shot,7,1,204,1,7,1,1,16,31,6.5798759460449e-07,4.35819149017334e-05,0.0014175158977508544,0.0013853529691696168,4.749059677124e-07,4.8201084136963e-07,0.006229456000000001,0.0004489159999999997,0.442406244,0.0007535419999999994,14.027705791999999,0.025260542000000004,13.907135488000002,0.021148916000000004,0.004687872000001647,6.429200000000052e-05,0.004849664000001752,9.658399999999678e-05,3.73,0.3,0.02,0.02,0.0,-1.0,9.38,10
todo_list,OpenAI,o3-mini-high,5-role-zero_shot,8,1,248,1,7,3,1,15,32,7.1890354156494e-07,0.0002521857976913452,0.0010580912828445435,0.0009999984979629517,4.8141479492188e-07,4.9893856048584e-07,0.006595,0.0003133340000000002,2.29453396,0.017335790999999996,10.008753408,0.014831456,9.378431999999998,0.013769372000000002,0.00471244799999937,1.920799999999973e-05,0.005005311999997986,0.00012312400000000223,3.84,1.23,0.02,0.02,0.0,-1.0,9.54,10
todo_list,Anthropic,Claude 3.7 Sonnet,5-role-zero_shot,8,1,232,1,8,1,1,16,31,1.06906890869141e-06,0.0014765015125274659,0.0009806312322616576,0.0009191578149795532,4.8191547393799e-07,5.1178932189941e-07,0.009926916000000004,0.0004007920000000005,14.851854568,0.021470792000000002,10.189636607999999,0.014756249999999999,9.382561791999997,0.018175831999999996,0.004882432000002268,1.154399999999528e-05,0.0050380799999985015,0.00021803999999999574,4.34,2.77,0.25,0.25,0.0,-2.0,5.69,10
todo_list,Google,Gemini 2.0 Pro Experimental,5-role-zero_shot,8,1,224,1,7,1,1,22,25,6.9329738616943e-07,4.309821128845215e-05,0.0014467817068099975,0.0014344023227691651,4.6210289001465e-07,5.3281784057617e-07,0.006376582000000002,0.000381625,0.43972174399999997,0.0007672080000000001,14.3098888,0.022144332,14.224146432,0.022565042,0.004694015999998413,5.904000000000326e-05,0.004866048000000234,9.304000000000257e-05,3.67,0.3,0.05,0.02,0.0,-1.0,9.22,10
todo_list,OpenAI,o3-mini-high,5-role-zero_shot,9,1,241,1,7,2,1,15,32,6.8011283874512e-07,0.00023677208423614503,0.0010139439105987548,0.0009491408109664917,4.8830509185791e-07,5.0382614135742e-07,0.00639379,0.0003625,2.257237234,0.004016041999999999,9.745432064,0.014811208,9.132337152000002,0.012243084000000001,0.004632575999998778,2.37599999999838e-06,0.00489881600000075,8.933199999999752e-05,3.91,1.22,0.03,0.05,0.0,-1.0,9.53,10
todo_list,Anthropic,Claude 3.7 Sonnet,5-role-zero_shot,9,1,145,1,7,0,1,22,25,7.5089931488037e-07,0.0006571927070617676,0.0009999167919158935,0.0009246839046478272,4.9788951873779e-07,4.9309730529785e-07,0.00683021,0.00029554199999999933,6.272171278,0.019347333,9.788218367999999,0.015123124000000002,9.221437440000003,0.018464288000000002,0.005095424000000293,2.762800000000176e-05,0.004904959999997516,0.00017262399999999622,3.7,3.79,0.23,0.23,0.0,-1.0,5.71,10
todo_list,Google,Gemini 2.0 Pro Experimental,5-role-zero_shot,9,1,139,1,7,0,1,16,31,6.6118240356445e-07,4.382009506225586e-05,0.0014456120014190673,0.001429306173324585,4.6751499176025e-07,4.9338340759277e-07,0.006178041999999998,0.00033754200000000057,0.434818696,0.0010140410000000002,14.483034495999998,0.029655000999999997,14.32367616,0.021229084000000002,0.0046530559999986565,1.312400000000324e-05,0.004827135999999399,6.062400000000218e-05,3.78,0.3,0.05,0.02,0.0,-1.0,8.84,10
todo_list,OpenAI,o3-mini-high,5-role-zero_shot,10,1,220,1,7,1,1,12,35,7.1439743041992e-07,0.0006346408843994141,0.000977877712249756,0.0009355710983276367,4.7957897186279e-07,5.0480365753174e-07,0.007064334000000002,0.0003765000000000001,6.256945396,0.010082998999999999,9.804804096000002,0.029526125999999996,9.228751871999997,0.013297956,0.0049029120000021464,2.287599999999806e-05,0.004882431999998715,5.000000000000143e-05,3.88,3.6,0.23,0.22,0.0,-1.0,9.52,10
todo_list,Anthropic,Claude 3.7 Sonnet,5-role-zero_shot,10,1,226,1,8,1,1,14,33,1.03809833526611e-06,0.001508926010131836,0.0009759559154510498,0.000936792016029358,8.6789131164551e-07,5.1038265228271e-07,0.010003376000000001,0.00041074999999999966,14.91200845,0.044758584000000004,10.230275072000001,0.014513080000000005,9.661927423999998,0.013972667999999994,0.008556544000001054,3.050400000000064e-05,0.0049438719999983505,0.00037700000000000233,4.34,3.15,0.22,0.22,0.8,-2.0,6.18,10
todo_list,Google,Gemini 2.0 Pro Experimental,5-role-zero_shot,10,1,192,1,7,1,1,21,26,6.6399574279785e-07,4.341979026794434e-05,0.0014004395723342896,0.0013852265834808349,4.7779083251953e-07,4.9571990966797e-07,0.006469248,0.00030437499999999996,0.43762559599999995,0.0008337500000000003,14.029328544,0.041540041,13.874904064,0.020947332,0.004751360000000204,2.879199999999971e-05,0.004929535999998791,5.420800000000003e-05,3.83,0.22,0.08,0.05,0.0,-1.0,9.29,10
todo_list,OpenAI,o3-mini-high,6-role-few_shot,1,1,238,1,7,1,1,14,33,7.1308612823486e-07,0.000635364294052124,0.0009873992919921875,0.0009194151878356933,4.8558712005615e-07,4.9211978912354e-07,0.007089250000000002,0.00037433300000000013,6.253936034,0.018812041,9.851867647999999,0.014668,9.261566976000001,0.031599088,0.00492134399999955,1.466399999999757e-05,0.004927488000003422,7.620799999999428e-05,3.88,3.48,0.23,0.25,0.0,-1.0,9.49,10
todo_list,Anthropic,Claude 3.7 Sonnet,6-role-few_shot,1,1,193,1,8,0,1,15,32,1.02601051330566e-06,0.0015039377927780152,0.0009984872102737426,0.0009399710893630981,8.8801383972168e-07,5.180835723877e-07,0.010180126000000001,0.00041533399999999984,14.750548475999999,0.030176750000000002,10.008443903999998,0.017110748000000002,9.372035072,0.020487707999999993,0.008865792000001704,1.354399999999034e-05,0.0050360319999995795,0.000147752000000001,4.22,3.2,0.26,0.27,0.78,-2.0,5.16,10
todo_list,Google,Gemini 2.0 Pro Experimental,6-role-few_shot,1,1,138,1,7,0,1,21,26,6.65283203125e-07,4.340920448303223e-05,0.0014740909099578857,0.0014547454118728638,4.7650337219238e-07,4.8739910125732e-07,0.006588376,0.0003787500000000006,0.43570338000000003,0.0005400000000000005,14.7626776,0.036076499,14.582217728,0.022231835999999998,0.004642815999996941,1.74160000000062e-05,0.004870143999998078,4.028799999999944e-05,3.86,0.31,0.2,0.23,0.0,-1.0,9.02,10
todo_list,OpenAI,o3-mini-high,6-role-few_shot,2,1,227,1,7,1,1,12,35,7.9548358917236e-07,4.736320972442627e-05,0.0010195411920547485,0.0009431323051452637,4.8189163208008e-07,4.8840045928955e-07,0.007250747999999998,0.00041429200000000013,0.438808004,0.0007163329999999996,9.803952224,0.018596957,9.163374592,0.016568793999999998,0.004714496000001844,4.891600000000301e-05,0.004896768000001828,5.812799999999757e-05,3.96,0.33,0.03,0.07,0.0,-1.0,9.5,10
todo_list,Anthropic,Claude 3.7 Sonnet,6-role-few_shot,2,1,211,1,8,0,1,16,31,7.7259540557861e-07,0.0015048171997070312,0.0009811209917068482,0.0009416693925857544,5.0830841064453e-07,5.0499439239502e-07,0.007160208000000001,0.0004060410000000002,15.16940876,0.029350581999999997,10.179612672000001,0.018152252,9.631911936000002,0.022144624,0.005132287999998653,0.0001601680000000022,0.004939776000000506,0.00014246399999999493,4.14,3.31,0.25,0.25,0.0,-2.0,6.62,10
todo_list,Google,Gemini 2.0 Pro Experimental,6-role-few_shot,2,1,135,1,7,0,1,21,26,7.1780681610107e-07,4.381160736083984e-05,0.0014581582069396973,0.0014163353204727173,4.9362182617187e-07,4.8890113830566e-07,0.006637250000000001,0.00031341699999999986,0.436674236,0.010456750000000003,14.066091232,0.289257198,13.926022144000001,0.029665920000000012,0.0047452159999998855,4.022399999997761e-05,0.00492134399999955,3.74399999999997e-05,3.91,0.33,0.08,0.02,0.0,-1.0,9.0,10
todo_list,OpenAI,o3-mini-high,6-role-few_shot,3,1,257,1,7,3,1,13,34,7.0281028747559e-07,0.00023737292289733886,0.0009787311792373657,0.0009186429977416993,4.6119689941406e-07,4.7659873962402e-07,0.006462331999999998,0.0003625,2.25367838,0.004577292,9.748156928,0.017308792,9.154124799999998,0.020651623999999997,0.004429823999998916,3.224800000000555e-05,0.004732927999999248,3.933600000000093e-05,3.83,1.25,0.02,0.02,0.0,-1.0,9.42,10
todo_list,Anthropic,Claude 3.7 Sonnet,6-role-few_shot,3,1,141,1,8,0,1,12,35,7.1861743927002e-07,0.0006247851133346558,0.0010438253164291383,0.0009788180828094483,4.8279762268066e-07,4.9848556518555e-07,0.006521374,0.0002746249999999997,6.213136007999999,0.012249125,9.787194368000002,0.01654504,9.228951551999998,0.016580292000000003,0.004771840000000083,2.441599999999933e-05,0.0048701440000016305,0.0001442519999999975,3.7,3.7,0.28,0.23,0.0,-1.0,6.28,10
todo_list,Google,Gemini 2.0 Pro Experimental,6-role-few_shot,3,1,132,1,7,0,1,21,26,7.023811340332e-07,4.361352920532227e-05,0.00142135272026062,0.001389554500579834,4.7190189361572e-07,4.8768520355225e-07,0.006504457999999998,0.000388167,0.43548746,0.0005424169999999999,14.03519936,0.026179752,13.910259711999998,0.024499456000000003,0.004730880000000326,7.599999999999968e-05,0.004851712000000674,0.0001444999999999988,3.8,0.19,0.06,0.03,0.0,-1.0,9.25,10
todo_list,OpenAI,o3-mini-high,6-role-few_shot,4,1,252,1,7,2,1,15,32,6.9770812988281e-07,4.394481182098389e-05,0.0010104107856750489,0.0009187929153442383,4.932165145874e-07,5.018949508667e-07,0.006517332000000001,0.0003672079999999991,0.433549246,0.000840707999999999,9.804137344,0.031245001,9.710864383999999,0.042842664,0.004771840000000083,0.00022516799999999781,0.004950015999998669,2.495199999999476e-05,3.86,0.33,0.02,0.02,0.0,-1.0,9.41,10
todo_list,Anthropic,Claude 3.7 Sonnet,6-role-few_shot,4,1,157,1,8,0,1,14,33,1.108717918396e-06,0.0015049926996231078,0.0010178678035736085,0.0009731941938400269,4.8577785491943e-07,5.000114440918e-07,0.010382207999999997,0.00046404200000000045,15.421384202,0.122084706,9.862377472,0.07968592,9.243795456,0.055086784,0.004882431999995163,9.61599999999008e-06,0.004804608000000599,0.0002452479999999757,4.36,3.12,0.24,0.28,0.0,-2.0,8.96,10
todo_list,Google,Gemini 2.0 Pro Experimental,6-role-few_shot,4,1,213,1,7,1,1,21,26,6.9420337677002e-07,4.411578178405762e-05,0.001446346879005432,0.0014315978050231935,4.6818256378174e-07,4.9068927764893e-07,0.006612583999999998,0.00031962500000000046,0.434369724,0.001965541000000001,14.740554272,0.054417666,14.526577664,0.03031871200000001,0.004608000000001056,1.375199999999188e-05,0.00483532799999864,9.858399999999878e-05,3.85,0.19,0.02,0.06,0.0,-1.0,9.07,10
todo_list,OpenAI,o3-mini-high,6-role-few_shot,5,1,231,1,7,1,1,12,35,7.4319839477539e-07,0.0010785595893859864,0.001004133892059326,0.0009405525207519532,4.8887729644775e-07,4.939079284668e-07,0.007047373999999999,0.0003316250000000003,10.587812659999999,0.020755208,9.771996159999999,0.017017834000000003,9.203984384000002,0.021191499999999995,0.004823039999998002,3.9599999999973e-06,0.0049029120000021464,8.17919999999972e-05,3.82,4.02,0.23,0.22,0.0,-1.0,9.29,10
todo_list,Anthropic,Claude 3.7 Sonnet,6-role-few_shot,5,1,191,1,8,0,1,12,35,1.06079578399658e-06,0.0015025012016296386,0.000991355276107788,0.0009377825021743775,8.796215057373e-07,5.1188468933105e-07,0.0103615,0.0004999170000000008,14.721952208000001,0.047905081999999995,9.835815936,0.017940504000000003,9.250635776,0.01670791199999999,0.008853504000001067,2.407999999999577e-05,0.005029887999995708,0.00010399999999999299,4.25,3.16,0.21,0.21,0.77,-2.0,5.54,10
todo_list,Google,Gemini 2.0 Pro Experimental,6-role-few_shot,5,1,138,1,7,0,1,21,26,6.627082824707e-07,4.384300708770752e-05,0.00146860671043396,0.0014534318208694458,4.7438144683838e-07,4.8868656158447e-07,0.006252707999999999,0.00033783399999999953,0.434512526,0.0008644159999999998,14.054804352,0.025764292999999997,13.941861376,0.024582583999999998,0.004644863999999416,4.333599999999799e-05,0.004855808000002071,8.191599999999438e-05,3.8,0.33,0.08,0.05,0.0,-1.0,9.11,10
todo_list,OpenAI,o3-mini-high,6-role-few_shot,6,1,247,1,7,1,1,15,32,6.5751075744629e-07,0.0006366051197052002,0.000985162091255188,0.0009242936134338379,4.7469139099121e-07,4.9495697021484e-07,0.0064615820000000004,0.0003927079999999994,6.195860976,0.013690957,9.793658368,0.02172854,9.18475264,0.017729500000000002,0.004716544000000766,1.029199999999508e-05,0.004851712000000674,6.624799999999792e-05,3.84,3.69,0.25,0.22,0.0,-1.0,9.46,10
todo_list,Anthropic,Claude 3.7 Sonnet,6-role-few_shot,6,1,203,1,8,1,1,12,35,1.04858875274658e-06,0.001493820309638977,0.0009758781909942627,0.0009191458940505981,9.2618465423584e-07,5.2962303161621e-07,0.010118289999999999,0.00034641699999999904,14.953940388,0.042889624,10.227463168000002,0.018083288000000003,9.602478079999997,0.017042664,0.008904703999995434,3.450400000000464e-05,0.005009407999999382,0.00011025600000000302,4.3,3.14,0.25,0.22,0.8,-2.0,5.97,10
todo_list,Google,Gemini 2.0 Pro Experimental,6-role-few_shot,6,1,218,1,7,1,1,21,26,6.6561698913574e-07,4.424388408660889e-05,0.0010201284885406495,0.000956843113899231,4.7829151153564e-07,4.9300193786621e-07,0.0065014159999999994,0.0003173329999999995,0.433866696,0.0007034170000000005,9.792669376,0.01904475,9.218555904000002,0.021121459999999998,0.004694015999998413,6.024799999999886e-05,0.004857856000000993,3.712399999999949e-05,3.73,0.34,0.04,0.02,0.0,-1.0,9.41,10
todo_list,OpenAI,o3-mini-high,6-role-few_shot,7,1,237,1,7,1,1,15,32,6.6578388214111e-07,0.0002653806924819946,0.0010195441722869872,0.0009570742130279541,4.9059391021729e-07,4.8990249633789e-07,0.00643175,0.00038408300000000034,2.263341638,0.019256043,9.843077888,0.022509371999999996,9.22852864,0.016253332000000002,0.004544511999998946,6.14159999999947e-05,0.004849664000001752,3.341599999999445e-05,3.89,1.32,0.02,0.05,0.0,-1.0,9.13,10
todo_list,Anthropic,Claude 3.7 Sonnet,6-role-few_shot,7,1,185,1,7,1,1,13,34,7.0450305938721e-07,0.0006205237865447998,0.000979719591140747,0.0009191564083099365,4.6908855438232e-07,4.8470497131348e-07,0.0068938320000000025,0.00038637500000000043,6.214908503999999,0.014146375000000001,9.8019584,0.018023708,9.237249024,0.015675876,0.004546560000001421,8.62799999999664e-06,0.004763648000000842,9.729199999999882e-05,3.81,3.59,0.25,0.22,0.0,-1.0,5.67,10
todo_list,Google,Gemini 2.0 Pro Experimental,6-role-few_shot,7,1,136,1,7,0,1,15,32,6.7017078399658e-07,4.395248889923096e-05,0.0014054307222366334,0.001390627384185791,4.7900676727295e-07,4.9440860748291e-07,0.006552168000000001,0.0003311250000000007,0.43533217999999996,0.0009048750000000012,14.055033216,0.025839294,13.967341568,0.039561663999999996,0.004706303999999051,9.266399999999231e-05,0.004911104000001387,5.624800000000874e-05,3.81,0.23,0.03,0.04,0.0,-1.0,9.78,10
todo_list,OpenAI,o3-mini-high,6-role-few_shot,8,1,240,1,7,2,1,13,34,6.5970420837402e-07,4.472529888153076e-05,0.0010222513914108276,0.00092258141040802,4.8201084136963e-07,4.9571990966797e-07,0.006549291999999998,0.0004082500000000006,0.43796866,0.0006147090000000015,10.025154623999999,0.029403251,9.394353151999999,0.014170124,0.004562943999999902,7.083599999999773e-05,0.004741119999998489,4.758400000000329e-05,3.91,0.33,0.08,0.02,0.0,-1.0,9.38,10
todo_list,Anthropic,Claude 3.7 Sonnet,6-role-few_shot,8,1,199,1,8,0,1,14,33,1.01346969604492e-06,0.0014799895048141479,0.0010045205116271973,0.0009384501934051513,9.0570449829102e-07,5.1581859588623e-07,0.01007425,0.00048225000000000004,15.50154493,0.028968208000000002,10.211452928,0.015791584000000004,9.641279487999999,0.014571792,0.00902758400000181,7.58399999999104e-06,0.00541900799999695,0.00023375200000000373,4.31,3.1,0.22,0.24,0.78,-2.0,4.63,10
todo_list,Google,Gemini 2.0 Pro Experimental,6-role-few_shot,8,1,141,1,7,0,1,21,26,6.5360069274902e-07,4.361469745635986e-05,0.0014363833904266357,0.001389632797241211,4.7500133514404e-07,5.1131248474121e-07,0.006562499999999999,0.00028783399999999897,0.441120624,0.002297416,14.09417056,0.033498625,14.268319744,0.079261628,0.0047472639999988075,0.00017183200000001064,0.004954112000000066,1.979200000000458e-05,3.84,0.37,0.08,0.08,0.0,-1.0,9.33,10
todo_list,OpenAI,o3-mini-high,6-role-few_shot,9,1,244,1,7,2,1,15,32,6.9780349731445e-07,4.421398639678955e-05,0.0010372341871261596,0.0009265474081039429,4.9228668212891e-07,4.9998760223389e-07,0.006516542,0.0004990840000000003,0.43334555799999996,0.0006815420000000003,9.778705440000001,0.032284959999999994,9.138423807999999,0.014526044000000002,0.00469811199999981,9.712399999999705e-05,0.0049029120000021464,6.495599999999796e-05,3.89,0.21,0.02,0.03,0.0,-1.0,9.49,10
todo_list,Anthropic,Claude 3.7 Sonnet,6-role-few_shot,9,1,183,1,7,1,1,18,29,7.8039169311523e-07,4.320330619812012e-05,0.0009803015947341918,0.0009209858894348145,4.8573017120361e-07,4.8117637634277e-07,0.006818500000000002,0.0003645419999999998,0.434118248,0.0007569170000000002,9.944637568000001,0.017394916,9.208596479999999,0.014823,0.004818944000000158,1.754400000000128e-05,0.004724736000000007,0.0001779999999999976,3.89,0.21,0.28,0.25,0.0,-1.0,6.94,10
todo_list,Google,Gemini 2.0 Pro Experimental,6-role-few_shot,9,1,240,1,7,1,1,15,32,7.05885887146e-07,4.354791641235352e-05,0.0013966439008712768,0.001388012433052063,4.7800540924072e-07,4.90403175354e-07,0.006577207999999998,0.0003320830000000004,0.4341208,0.0005813329999999998,13.986814336,0.023503207,13.87551744,0.026844583999999998,0.004689920000000569,2.787599999999613e-05,0.00489881600000075,0.00010012799999999794,3.74,0.39,0.09,0.02,0.0,-1.0,8.57,10
todo_list,OpenAI,o3-mini-high,6-role-few_shot,10,1,237,1,7,2,1,13,34,7.2581768035889e-07,4.418439865112305e-05,0.0010362296104431152,0.0009384979963302612,4.6930313110352e-07,4.7690868377686e-07,0.006828626000000001,0.00034900000000000035,0.435830992,0.0008631669999999998,9.818232576,0.035639209000000005,9.154695168000002,0.015231875999999998,0.004591615999999021,6.054000000000476e-05,0.004771840000000083,0.00010649599999999759,3.84,0.44,0.04,0.06,0.0,-1.0,9.51,10
todo_list,Anthropic,Claude 3.7 Sonnet,6-role-few_shot,10,1,202,1,8,0,1,15,32,6.9639682769775e-07,0.0006283540010452271,0.0026405311822891237,0.0018150627851486207,5.2440166473389e-07,5.5789947509766e-07,0.006478416000000001,0.0003735839999999997,6.2154778859999995,0.014729210000000001,26.026760703999997,0.040862332,17.964468224,0.03390475200000001,0.005320703999998955,6.4159999999952e-06,0.005091327999998896,9.350399999999426e-05,3.83,3.42,0.71,0.69,0.0,-1.0,5.37,10
todo_list,Google,Gemini 2.0 Pro Experimental,6-role-few_shot,10,1,140,1,7,0,1,18,29,7.1251392364502e-07,4.371960163116455e-05,0.0014435117959976196,0.0014029184103012086,4.7297477722168e-07,4.8689842224121e-07,0.006663665999999999,0.00033350000000000046,0.42969379999999996,0.000905042,14.241383008,0.036555126,14.091097088000001,0.023166663999999997,0.004730880000000326,5.9952000000002e-05,0.004886528000000112,5.516800000000821e-05,3.83,0.33,0.06,0.02,0.0,-1.0,9.57,10
